Num_Acc;senc;catv;occutc;obs;obsm;choc;manv;num_veh
200500000030;0;1;0;0;2;8;11;B02
200500000034;0;1;0;0;2;1;1;B02
200500000078;0;1;0;0;2;1;1;B02
200500000093;0;1;0;0;2;3;21;B02
200500000170;0;1;0;0;2;4;2;A01
200500000246;0;1;0;0;2;7;1;B02
200500000260;0;1;0;0;2;1;5;B02
200500000273;0;1;0;0;2;1;9;B02
200500000282;0;1;0;0;0;4;19;B02
200500000287;0;1;0;0;2;1;1;B02
200500000291;0;1;0;0;2;3;15;B02
200500000295;0;1;0;0;2;4;1;A01
200500000304;0;1;0;0;2;3;1;A01
200500000322;0;1;0;0;2;4;1;B02
200500000329;0;1;0;0;2;4;13;B02
200500000342;0;1;0;0;2;0;1;A01
200500000345;0;1;0;0;2;1;1;B02
200500000402;0;1;0;0;2;3;19;B02
200500000403;0;1;0;0;2;4;1;B02
200500000438;0;1;0;0;2;8;0;B02
200500000453;0;1;0;0;9;2;15;A01
200500000471;0;1;0;0;0;4;1;B02
200500000543;0;1;0;12;0;0;1;B02
200500000553;0;1;0;0;0;4;1;B02
200500000563;0;1;0;0;0;0;15;B02
200500000585;0;1;0;0;0;4;11;B02
200500000623;0;1;0;0;2;3;15;B02
200500000744;0;1;0;0;0;7;1;B02
200500000748;0;1;0;0;2;1;0;B02
200500000800;0;1;0;0;2;1;1;B02
200500000811;0;1;0;0;0;1;1;B02
200500000811;0;1;0;0;0;1;1;C03
200500000844;0;1;0;0;5;1;1;A01
200500000874;0;1;0;0;2;8;13;B02
200500000885;0;1;0;0;2;1;1;B02
200500000920;0;1;0;0;0;4;1;B02
200500000920;0;1;0;0;0;4;0;C03
200500000953;0;1;0;1;0;1;14;A01
200500001035;0;1;0;0;2;1;15;A01
200500001046;0;1;0;0;2;8;1;B02
200500001117;0;1;0;0;2;1;15;B02
200500001129;0;1;0;0;2;4;2;B02
200500001159;0;1;0;0;0;8;19;B02
200500001174;0;1;0;0;2;8;1;B02
200500001188;0;1;0;0;0;0;0;A01
200500001213;0;1;0;3;0;8;2;A01
200500001215;0;1;0;0;0;8;9;B02
200500001228;0;1;0;0;2;1;15;A01
200500001232;0;1;0;0;2;1;1;B02
200500001267;0;1;0;0;2;1;1;B02
200500001307;0;1;0;0;0;8;2;B02
200500001313;0;1;0;0;2;7;1;B02
200500001338;0;1;0;0;2;8;15;B02
200500001438;0;1;0;0;2;1;1;B02
200500001468;0;1;0;0;2;8;13;B02
200500001482;0;1;0;0;0;8;1;B02
200500001519;0;1;0;0;2;4;2;B02
200500001606;0;1;0;0;2;1;1;B02
200500001671;0;1;0;0;2;5;1;B02
200500001727;0;1;0;0;2;8;0;B02
200500001930;0;1;0;0;0;4;1;B02
200500001943;0;1;0;0;0;6;2;B02
200500002018;0;1;0;0;2;7;1;A01
200500002040;0;1;0;0;2;7;15;A01
200500002047;0;1;0;0;2;7;1;B01
200500002114;0;1;0;0;2;4;15;B01
200500002212;0;1;0;0;2;1;2;A01
200500002215;0;1;0;0;2;1;1;B01
200500002238;0;1;0;0;2;4;1;B01
200500002268;0;1;0;0;2;4;2;B01
200500002302;0;1;0;0;2;1;13;A01
200500002308;0;1;0;0;2;1;1;A01
200500002315;0;1;0;0;2;7;15;A01
200500002332;0;1;0;0;1;1;21;A01
200500002336;0;1;0;0;2;1;19;A01
200500002348;0;1;0;0;2;7;17;B01
200500002348;0;1;0;0;2;1;17;C01
200500002359;0;1;0;0;2;0;1;B01
200500002439;0;1;0;0;2;1;19;B01
200500002450;0;1;0;0;2;1;1;B01
200500002622;0;1;0;1;0;1;2;B01
200500002647;0;1;0;0;0;7;1;B01
200500002670;0;1;0;0;2;1;21;B01
200500002686;0;1;0;0;2;5;19;B01
200500002691;0;1;0;0;2;5;19;B01
200500002696;0;1;0;1;0;1;1;A01
200500002725;0;1;0;0;2;4;1;B01
200500002774;0;1;0;0;2;1;15;A01
200500002786;0;1;0;0;2;6;9;A01
200500002793;0;1;0;0;2;1;1;A01
200500002800;0;1;0;0;2;7;19;B01
200500002819;0;1;0;0;2;1;1;B01
200500002848;0;1;0;0;2;6;19;A01
200500002849;0;1;0;0;2;1;1;B01
200500002876;0;1;0;0;2;1;1;B01
200500002880;0;1;0;0;2;1;17;A01
200500002886;0;1;0;0;2;8;2;B01
200500002890;0;1;0;0;2;1;2;B01
200500002898;0;1;0;0;2;1;2;B01
200500002951;0;1;0;0;2;1;1;B01
200500002987;0;1;0;0;2;1;3;A01
200500003035;0;1;0;0;0;7;19;B01
200500003041;0;1;0;0;2;2;2;B01
200500003045;0;1;0;0;2;1;2;A01
200500003053;0;1;0;0;1;0;2;A01
200500003068;0;1;0;0;2;2;21;C01
200500003069;0;1;0;0;2;0;2;A01
200500003073;0;1;0;12;0;1;2;A01
200500003092;0;1;0;0;2;7;2;B01
200500003093;0;1;0;0;0;0;2;B01
200500003110;0;1;0;0;2;1;2;A01
200500003145;0;1;0;0;2;4;15;A01
200500003153;0;1;0;0;2;9;1;B01
200500003162;0;1;0;0;2;8;19;B01
200500003163;0;1;0;0;4;0;19;A01
200500003164;0;1;0;0;2;1;1;B01
200500003179;0;1;0;0;2;0;1;B01
200500003185;0;1;0;0;0;1;1;B01
200500003188;0;1;0;0;2;1;0;B01
200500003189;0;1;0;0;4;4;19;A01
200500003200;0;1;0;0;2;1;1;B01
200500003220;0;1;0;0;2;0;0;B01
200500003243;0;1;0;0;2;1;1;B01
200500003244;0;1;0;0;2;1;1;B01
200500003245;0;1;0;0;2;7;1;A01
200500003254;0;1;0;0;2;4;1;B01
200500003311;0;1;0;0;2;4;1;B01
200500003312;0;1;0;0;2;8;1;B01
200500003320;0;1;0;0;2;1;1;B01
200500003326;0;1;0;1;0;0;21;A01
200500003359;0;1;0;0;2;0;0;B01
200500003378;0;1;0;0;2;0;19;A01
200500003385;0;1;0;0;2;8;0;A01
200500003395;0;1;0;0;1;1;1;A01
200500003396;0;1;0;0;2;4;1;B01
200500003397;0;1;0;0;2;8;1;B01
200500003400;0;1;0;0;2;2;1;B01
200500003402;0;1;0;0;2;4;1;B01
200500003405;0;1;0;0;2;1;1;B01
200500003413;0;1;0;0;2;0;18;A01
200500003415;0;1;0;0;2;1;1;A01
200500003432;0;1;0;0;0;1;1;A01
200500003433;0;1;0;0;2;7;2;B01
200500003440;0;1;0;0;2;1;2;B01
200500003440;0;1;0;0;2;1;21;C01
200500003449;0;1;0;0;1;1;1;A01
200500003464;0;1;0;0;2;1;1;B01
200500003466;0;1;0;0;5;1;1;A01
200500003466;0;1;0;0;2;1;1;B01
200500003487;0;1;0;0;2;4;0;B01
200500003529;0;1;0;0;2;1;1;B01
200500003572;0;1;0;0;2;4;15;B01
200500003575;0;1;0;0;2;1;15;B01
200500003592;0;1;0;0;0;0;1;B01
200500003616;0;1;0;0;2;1;19;A01
200500003619;0;1;0;1;0;1;1;B01
200500003624;0;1;0;0;2;0;2;B01
200500003633;0;1;0;0;2;1;1;B01
200500003653;0;1;0;0;2;1;1;B01
200500003655;0;1;0;0;2;4;1;B01
200500003670;0;1;0;0;1;1;1;A01
200500003674;0;1;0;12;2;5;1;B01
200500003682;0;1;0;0;2;0;1;B01
200500003698;0;1;0;0;2;8;19;B01
200500003700;0;1;0;0;2;1;1;B01
200500003705;0;1;0;0;2;1;1;A01
200500003707;0;1;0;0;2;2;15;B01
200500003709;0;1;0;0;2;1;1;B01
200500003712;0;1;0;0;2;8;1;B01
200500003727;0;1;0;0;2;1;1;A01
200500003731;0;1;0;0;2;1;1;A01
200500003763;0;1;0;0;2;2;1;B01
200500003774;0;1;0;0;2;1;15;A01
200500003801;0;1;0;14;0;1;1;A01
200500003816;0;1;0;0;2;8;1;B01
200500003818;0;1;0;0;2;1;1;B01
200500003852;0;1;0;0;2;7;1;B01
200500003866;0;1;0;0;1;1;2;A01
200500003877;0;1;0;12;0;2;1;A01
200500003957;0;1;0;0;2;4;15;B01
200500004022;0;1;0;0;2;2;15;B01
200500004024;0;1;0;0;2;1;1;A01
200500004080;0;1;0;0;2;7;19;B01
200500004087;0;1;0;0;2;1;2;B01
200500004096;0;1;0;0;2;1;19;B01
200500004097;0;1;0;0;2;7;15;A01
200500004112;0;1;0;0;9;6;9;A01
200500004115;0;1;0;0;2;4;2;B01
200500004136;0;1;0;0;2;1;2;A01
200500004137;0;1;0;0;2;8;19;A01
200500004178;0;1;0;0;2;1;0;B01
200500004189;0;1;0;0;2;6;21;A01
200500004198;0;1;0;0;0;0;2;B01
200500004254;0;1;0;0;0;0;0;B01
200500004268;0;1;0;0;0;4;1;B01
200500004300;0;1;0;0;2;8;1;C01
200500004306;0;1;0;0;2;7;19;B01
200500004320;0;1;0;0;2;1;1;B01
200500004327;0;1;0;0;2;1;13;A01
200500004330;0;1;0;0;2;1;1;B01
200500004336;0;1;0;0;0;0;9;A01
200500004341;0;1;0;0;2;7;1;B01
200500004352;0;1;0;0;0;4;2;B01
200500004361;0;1;0;0;2;8;1;B01
200500004394;0;1;0;1;0;1;1;B01
200500004395;0;1;0;1;0;1;2;B01
200500004400;0;1;0;0;2;8;19;A01
200500004417;0;1;0;0;2;8;2;B01
200500004433;0;1;0;0;2;1;1;B01
200500004444;0;1;0;0;2;1;1;B01
200500004450;0;1;0;0;2;1;1;B01
200500004459;0;1;0;0;2;5;14;B01
200500004462;0;1;0;0;2;1;2;B01
200500004494;0;1;0;0;2;1;15;B01
200500004524;0;1;0;0;2;8;1;B01
200500004527;0;1;0;0;2;1;1;B01
200500004540;0;1;0;1;0;1;14;A01
200500004556;0;1;0;0;1;1;2;A01
200500004591;0;1;0;0;2;1;1;B01
200500004597;0;1;0;0;2;4;15;A01
200500004600;0;1;0;0;1;1;1;A01
200500004627;0;1;0;0;2;2;15;A01
200500004630;0;1;0;0;2;1;1;B01
200500004645;0;1;0;0;2;1;1;B01
200500004662;0;1;0;0;1;1;1;A01
200500004680;0;1;0;0;0;2;21;A01
200500004681;0;1;0;0;2;3;1;A01
200500004743;0;1;0;1;0;1;1;A01
200500004758;0;1;0;0;1;1;17;A01
200500004777;0;1;0;0;2;4;1;B01
200500004789;0;1;0;0;2;1;1;B01
200500004804;0;1;0;0;2;2;1;B01
200500004807;0;1;0;0;2;3;1;B01
200500004818;0;1;0;0;2;1;7;B01
200500004824;0;1;0;0;2;2;1;B01
200500004851;0;1;0;0;2;3;1;A01
200500004858;0;1;0;0;2;1;16;A01
200500004888;0;1;0;0;2;2;1;B01
200500004917;0;1;0;0;2;4;7;C01
200500004932;0;1;0;0;2;1;1;B01
200500004941;0;1;0;0;2;1;1;B01
200500004944;0;1;0;0;2;3;1;B01
200500004947;0;1;0;0;2;1;1;B01
200500004988;0;1;0;0;2;1;1;B01
200500004990;0;1;0;0;2;4;7;B01
200500005062;1;1;0;0;1;1;0;A01
200500005073;0;1;0;0;2;2;1;B01
200500005119;0;1;0;0;2;5;1;A01
200500005161;0;1;0;0;2;3;2;A01
200500005184;0;1;0;0;2;1;9;B01
200500005208;0;1;0;0;2;1;9;A01
200500005213;0;1;0;0;2;1;15;B01
200500005244;0;1;0;0;2;1;2;B01
200500005249;0;1;0;0;2;1;2;B01
200500005279;0;1;0;0;0;3;1;B01
200500005281;0;1;0;0;2;3;17;B01
200500005283;0;1;0;0;2;4;12;B01
200500005320;0;1;0;0;2;1;1;B01
200500005325;0;1;0;0;2;7;2;B01
200500005341;0;1;0;0;2;7;19;B01
200500005343;0;1;0;0;0;7;19;B01
200500005354;0;1;0;0;0;4;1;B01
200500005359;0;1;0;0;2;1;1;A01
200500005363;0;1;0;0;2;4;1;B01
200500005402;0;1;0;0;2;1;5;A01
200500005454;0;1;0;0;2;6;1;A01
200500005468;0;1;0;0;2;0;1;B01
200500005470;0;1;0;0;2;1;19;A01
200500005481;0;1;0;0;2;7;1;A01
200500005515;0;1;0;0;2;1;18;B01
200500005539;0;1;0;0;1;1;9;A01
200500005631;0;1;0;0;2;7;1;A01
200500005639;0;1;0;0;2;7;16;B01
200500005646;0;1;0;0;2;2;15;B01
200500005659;0;1;0;0;2;3;2;B01
200500005679;0;1;0;0;2;1;19;B01
200500005690;0;1;0;0;2;0;1;B01
200500005722;0;1;0;1;0;2;2;B01
200500005766;0;1;0;9;2;8;2;B01
200500005773;0;1;0;0;0;4;15;B01
200500005797;0;1;0;0;0;0;2;B01
200500005883;0;1;0;16;2;8;19;B01
200500005908;0;1;0;0;2;1;1;B01
200500006013;0;1;0;0;2;1;21;B01
200500006074;0;1;0;0;2;1;16;B01
200500006082;0;1;0;0;0;2;1;B01
200500006086;0;1;0;0;2;1;2;B01
200500006109;0;1;0;0;0;0;1;B01
200500006133;0;1;0;0;2;1;2;B01
200500006139;0;1;0;0;2;1;1;B01
200500006228;0;1;0;0;2;1;15;A01
200500006233;0;1;0;0;2;8;1;B01
200500006511;0;1;0;0;0;0;1;B01
200500006599;0;1;0;0;2;1;1;B01
200500006718;0;1;0;0;2;3;15;A01
200500006745;0;1;0;0;2;1;1;B01
200500006747;0;1;0;1;1;1;5;A01
200500006797;0;1;0;0;2;0;0;B01
200500006815;1;1;0;0;1;1;1;A01
200500006820;0;1;0;0;2;8;1;B01
200500006827;0;1;0;0;2;4;13;B01
200500006886;0;1;0;0;2;2;1;B01
200500006920;0;1;0;0;2;1;15;A01
200500006965;0;1;0;0;2;4;1;B01
200500006987;0;1;0;0;0;1;1;B01
200500006998;0;1;0;0;0;0;0;B01
200500007120;0;1;0;14;0;0;0;A01
200500007157;0;1;0;0;0;0;12;B01
200500007303;0;1;0;0;2;4;1;B01
200500007305;0;1;0;0;2;7;1;B01
200500007308;0;1;0;0;2;4;1;B01
200500007311;0;1;0;8;0;1;1;A01
200500007313;0;1;0;0;2;1;1;B01
200500007318;0;1;0;0;2;1;1;B01
200500007338;0;1;0;0;2;1;1;B01
200500007350;0;1;0;1;0;1;1;B01
200500007353;0;1;0;1;0;1;2;B01
200500007371;0;1;0;0;2;4;11;A01
200500007439;0;1;0;0;2;1;5;A01
200500007445;0;1;0;0;2;1;2;B01
200500007470;0;1;0;0;2;3;1;B01
200500007502;0;1;0;0;2;1;9;A01
200500007517;0;1;0;0;2;1;19;B01
200500007524;0;1;0;0;2;1;2;B01
200500007555;0;1;0;0;2;1;2;A01
200500007594;0;1;0;0;0;0;1;A01
200500007604;0;1;0;0;2;1;1;A01
200500007630;0;1;0;0;2;1;1;B01
200500007643;0;1;0;0;1;1;2;A01
200500007645;0;1;0;1;0;0;0;B01
200500007677;0;1;0;0;2;1;1;B01
200500007677;0;1;0;0;2;1;1;C01
200500007680;0;1;0;0;2;1;19;A01
200500007682;0;1;0;0;2;2;1;A01
200500007724;0;1;0;0;2;1;1;B01
200500007743;0;1;0;0;2;7;19;A01
200500007802;0;1;0;0;2;8;2;B01
200500007821;0;1;0;0;2;1;1;B01
200500007837;0;1;0;0;2;1;1;B01
200500007846;0;1;0;0;2;3;15;A01
200500007879;0;1;0;1;0;1;0;A01
200500007924;0;1;0;0;2;3;1;C01
200500007937;0;1;0;0;2;0;15;A01
200500007951;0;1;0;1;0;1;1;B01
200500007954;0;1;0;0;2;1;15;B01
200500008006;0;1;0;0;2;1;12;A01
200500008030;0;1;0;9;0;0;1;A01
200500008040;0;1;0;0;1;1;17;B01
200500008045;0;1;0;0;2;7;1;B01
200500008050;0;1;0;0;0;0;1;A01
200500008082;0;1;0;0;1;0;1;A01
200500008088;0;1;0;0;2;4;13;A01
200500008118;0;1;0;0;2;7;9;B01
200500008126;0;1;0;0;0;3;21;B01
200500008136;0;1;0;0;2;1;2;A01
200500008197;0;1;0;0;2;1;1;B01
200500008246;0;1;0;0;0;0;2;A01
200500008249;0;1;0;0;2;1;5;A01
200500008254;0;1;0;0;2;1;1;B01
200500008267;0;1;0;0;2;1;19;A01
200500008307;0;1;0;0;2;8;2;B01
200500008311;0;1;0;0;2;1;1;B01
200500008316;0;1;0;0;2;1;19;A01
200500008320;0;1;0;0;2;4;1;B01
200500008334;0;1;0;0;2;0;2;B01
200500008356;0;1;0;0;2;1;21;B01
200500008367;0;1;0;0;2;7;1;B01
200500008385;0;1;0;0;0;0;2;B01
200500008388;0;1;0;0;2;1;13;B01
200500008391;0;1;0;0;2;4;2;B01
200500008433;0;1;0;0;2;2;1;B01
200500008441;0;1;0;0;2;1;1;A01
200500008458;0;1;0;0;2;8;1;B01
200500008480;0;1;0;0;2;0;1;B01
200500008495;0;1;0;0;2;7;1;B01
200500008506;0;1;0;0;2;1;1;B01
200500008538;0;1;0;0;2;4;2;B01
200500008541;0;1;0;0;1;1;2;A01
200500008559;0;1;0;0;2;3;19;B01
200500008567;0;1;0;0;2;3;19;A01
200500008583;0;1;0;0;2;1;1;B01
200500008598;0;1;0;0;2;1;19;B01
200500008640;0;1;0;14;0;1;1;A01
200500008644;0;1;0;0;0;7;1;B01
200500008655;0;1;0;0;2;7;1;A01
200500008663;0;1;0;0;0;1;2;B01
200500008664;0;1;0;0;0;1;2;B01
200500008675;0;1;0;0;2;1;1;B01
200500008678;0;1;0;0;0;0;1;A01
200500008679;0;1;0;0;2;1;17;B01
200500008693;0;1;0;0;2;3;11;A01
200500008717;1;1;0;0;2;2;0;A01
200500008719;0;1;0;0;1;1;1;B01
200500008765;0;1;0;0;2;1;5;A01
200500008794;0;1;0;0;2;2;16;A01
200500008797;0;1;0;0;2;1;1;C01
200500008799;0;1;0;0;2;1;1;B01
200500008817;0;1;0;0;2;1;1;B01
200500008835;0;1;0;0;2;1;1;B01
200500008875;0;1;0;0;2;1;1;A01
200500008875;0;1;0;0;2;4;1;B01
200500008935;0;1;0;0;2;3;7;B01
200500008941;0;1;0;0;2;2;1;A01
200500008961;0;1;0;0;2;3;1;A01
200500009093;0;1;0;0;2;2;15;B01
200500009123;0;1;0;0;1;1;7;A01
200500009130;0;1;0;0;2;6;1;B01
200500009132;0;1;0;0;2;2;1;B01
200500009161;0;1;0;0;2;4;1;B01
200500009212;0;1;0;0;2;8;2;B01
200500009264;0;1;0;0;2;1;19;B01
200500009307;0;1;0;0;2;1;19;A01
200500009333;0;1;0;0;2;1;17;B01
200500009339;0;1;0;0;2;1;1;B01
200500009362;0;1;0;0;2;3;1;B01
200500009377;0;1;0;0;2;7;16;B01
200500009431;0;1;0;0;2;1;1;B01
200500009448;0;1;0;0;2;1;1;B01
200500009451;0;1;0;0;2;7;1;B01
200500009469;0;1;0;0;2;1;1;A01
200500009517;0;1;0;7;2;7;1;B01
200500009536;0;1;0;0;2;1;1;B01
200500009546;0;1;0;0;2;1;1;B01
200500009568;0;1;0;0;2;0;15;B01
200500009587;0;1;0;0;0;7;1;B01
200500009634;0;1;0;0;2;1;17;B01
200500009646;0;1;0;0;2;4;1;B01
200500009670;0;1;0;0;2;1;1;A01
200500009718;2;1;0;0;1;0;2;A01
200500009721;0;1;0;0;2;1;1;B01
200500009781;0;1;0;0;0;7;5;A01
200500009837;0;1;0;0;2;3;2;B01
200500009838;0;1;0;0;2;1;21;A01
200500009859;0;1;0;0;2;1;2;B01
200500009899;0;1;0;0;2;1;16;B01
200500009903;0;1;0;0;0;1;19;A01
200500009911;0;1;0;0;2;7;15;A01
200500009932;0;1;0;0;0;8;1;B01
200500009962;0;1;0;0;2;1;1;B01
200500009966;0;1;0;0;1;1;13;A01
200500010017;0;1;0;12;0;0;1;A01
200500010023;0;1;0;16;0;1;9;A01
200500010054;0;1;0;0;0;1;1;B01
200500010073;0;1;0;0;2;1;1;B01
200500010274;0;1;0;0;1;1;1;A01
200500010332;0;1;0;0;2;1;1;B01
200500010384;0;1;0;0;2;1;19;B01
200500010466;0;1;0;0;2;0;1;B02
200500010479;0;1;0;0;2;1;1;A01
200500010483;0;1;0;0;2;1;13;A01
200500010546;0;1;0;0;2;4;11;A01
200500010588;0;1;0;0;2;8;1;B02
200500010650;0;1;0;0;2;0;1;B02
200500010680;0;1;0;0;2;1;1;B02
200500010688;0;1;0;0;2;1;1;B02
200500010748;0;1;0;0;2;4;1;A01
200500010770;0;1;0;1;0;1;1;B02
200500010804;0;1;0;0;0;0;0;B02
200500010804;0;1;0;0;0;0;0;C03
200500010804;0;1;0;0;0;0;0;D04
200500010804;0;1;0;0;0;0;0;E05
200500010805;0;1;0;0;2;1;1;B02
200500010830;0;1;0;6;0;1;1;A01
200500010870;0;1;0;0;0;8;1;B02
200500010871;0;1;0;0;5;1;1;A01
200500010957;0;1;0;0;2;8;15;B02
200500010983;0;1;0;0;2;1;13;A01
200500010998;0;1;0;0;2;1;1;B02
200500011001;0;1;0;0;2;8;1;A01
200500011003;0;1;0;0;2;1;1;B02
200500011079;0;1;0;0;2;4;1;B02
200500011098;0;1;0;0;2;5;19;A01
200500011121;0;1;0;0;2;7;1;A01
200500011146;0;1;0;0;1;1;21;A01
200500011181;0;1;0;0;2;4;1;B02
200500011183;0;1;0;1;0;1;2;B02
200500011297;0;1;0;0;2;1;1;B02
200500011298;0;1;0;0;2;1;15;B02
200500011299;0;1;0;0;0;4;1;B02
200500011333;0;1;0;0;0;7;15;A01
200500011340;0;1;0;0;0;4;0;B02
200500011429;0;1;0;0;2;1;13;B02
200500011551;0;1;0;0;2;4;2;B02
200500011566;0;1;0;0;0;0;1;B02
200500011725;0;1;0;0;0;3;1;B02
200500011740;0;1;0;0;2;1;1;B02
200500011755;0;1;0;0;2;4;1;B02
200500011770;0;1;0;0;0;4;0;B02
200500011786;0;1;0;0;0;0;0;A01
200500011805;0;1;0;0;2;3;13;A01
200500011873;0;1;0;0;2;3;2;B02
200500011937;0;1;0;0;2;5;1;B02
200500012016;0;1;0;0;2;4;19;A01
200500012033;0;1;0;0;2;1;2;B01
200500012037;0;1;0;0;0;7;1;B01
200500012093;0;1;0;0;2;8;1;A01
200500012100;0;1;0;0;0;5;2;B02
200500012121;0;1;0;0;2;1;19;B02
200500012204;0;1;0;0;2;1;19;A01
200500012235;0;1;0;0;2;7;0;B02
200500012244;0;1;0;0;2;2;19;B02
200500012312;0;1;0;0;2;6;9;B02
200500012337;0;1;0;0;2;1;1;B02
200500012373;0;1;0;0;2;1;19;B02
200500012377;0;1;0;0;2;1;1;B02
200500012385;0;1;0;0;2;3;2;B02
200500012416;0;1;0;0;0;8;19;A01
200500012462;0;1;0;0;2;1;1;B02
200500012464;0;1;0;0;2;8;15;B02
200500012502;0;1;0;0;2;8;1;B02
200500012502;0;1;0;0;2;8;1;C03
200500012530;0;1;0;0;0;4;1;B02
200500012539;0;1;0;0;2;1;13;B02
200500012570;0;1;0;0;0;1;19;B02
200500012632;0;1;0;0;2;3;10;A01
200500012679;0;1;0;0;2;1;19;A01
200500012711;0;1;0;0;2;1;13;B02
200500012727;0;1;0;0;2;8;15;B02
200500012738;0;1;0;0;2;4;15;B02
200500012751;0;1;0;0;2;1;16;A01
200500012809;0;1;0;0;2;1;1;B02
200500012810;0;1;0;0;0;0;1;B02
200500012826;0;1;0;0;2;1;19;B02
200500012849;0;1;0;12;2;4;19;B02
200500012903;0;1;0;0;0;4;0;B02
200500012922;0;1;0;0;2;8;19;B02
200500012935;0;1;0;0;2;8;19;B02
200500012990;0;1;0;0;0;0;2;B02
200500012996;0;1;0;0;0;1;1;B02
200500013012;0;1;0;0;0;0;1;A01
200500013029;0;1;0;0;2;1;1;A01
200500013039;0;1;0;0;2;1;1;B02
200500013105;0;1;0;0;2;1;19;A01
200500013119;0;1;0;0;2;6;1;B02
200500013124;0;1;0;0;0;8;1;A01
200500013168;0;1;0;15;0;8;19;B02
200500013234;0;1;0;0;0;8;1;A01
200500013242;0;1;0;0;2;1;1;A01
200500013278;0;1;0;0;2;1;15;B02
200500013309;0;1;0;0;2;0;1;B02
200500013325;0;1;0;0;2;1;19;B02
200500013356;0;1;0;0;0;4;15;B02
200500013373;0;1;0;0;2;8;1;B02
200500013380;0;1;0;0;2;2;19;B02
200500013387;0;1;0;0;2;8;1;B02
200500013432;0;1;0;0;2;1;1;B02
200500013441;0;1;0;0;2;8;19;B02
200500013491;0;1;0;0;0;4;1;B02
200500013550;0;1;0;0;2;6;1;B02
200500013550;0;1;0;0;2;4;1;C03
200500013550;0;1;0;0;2;6;1;D04
200500013612;0;1;0;0;2;1;15;B02
200500013651;0;1;0;0;0;1;1;A01
200500013717;0;1;0;0;2;1;1;A01
200500013756;0;1;0;0;2;7;1;B02
200500013763;0;1;0;0;2;7;19;A01
200500013794;0;1;0;0;2;4;11;B02
200500013839;0;1;0;0;2;6;13;B02
200500013873;0;1;0;0;0;2;1;A01
200500013897;0;1;0;6;0;0;1;A01
200500013967;0;1;0;0;2;1;2;B01
200500013982;0;1;0;13;0;7;14;A01
200500014002;0;1;0;0;2;1;1;B01
200500014012;0;1;0;0;2;1;1;A01
200500014023;2;1;0;0;0;0;1;A01
200500014027;0;1;0;0;2;6;13;B01
200500014031;0;1;0;0;2;7;15;B01
200500014032;0;1;0;0;2;1;0;A01
200500014133;0;1;0;0;2;8;11;A01
200500014191;0;1;0;0;2;1;13;A01
200500014191;0;1;0;0;2;1;21;B01
200500014205;0;1;0;0;2;1;21;A01
200500014213;0;1;0;0;2;1;1;B01
200500014214;0;1;0;0;2;8;1;B01
200500014238;0;1;0;0;2;7;17;B01
200500014240;0;1;0;0;2;7;1;B01
200500014267;0;1;0;0;2;4;15;B01
200500014273;0;1;0;0;2;3;9;A01
200500014401;0;1;0;0;2;5;2;B01