Num_Acc;senc;catv;occutc;obs;obsm;choc;manv;num_veh
200500040791;0;1;0;0;2;0;1;B02
200500040792;0;1;0;0;2;4;2;B02
200500040792;0;1;0;0;2;4;2;C03
200500040803;0;1;0;0;1;1;1;A01
200500040809;0;1;0;0;0;7;19;B02
200500040817;0;1;0;0;2;1;1;B02
200500040918;0;1;0;0;2;1;19;A01
200500040939;0;1;0;0;2;1;19;A01
200500040958;0;1;0;0;2;7;15;B02
200500040960;0;1;0;0;2;1;1;B02
200500040983;0;1;0;0;2;8;19;B02
200500040987;0;1;0;0;2;1;1;B02
200500041000;0;1;0;0;2;4;1;B02
200500041012;0;1;0;0;2;7;19;B02
200500041013;0;1;0;0;2;1;1;C03
200500041023;0;1;0;0;0;0;1;A01
200500041028;0;1;0;0;0;0;0;A01
200500041028;0;1;0;0;0;0;0;B02
200500041028;0;1;0;0;0;0;0;C03
200500041040;0;1;0;0;2;8;1;B02
200500041059;0;1;0;0;2;1;1;A01
200500041072;0;1;0;0;2;1;1;B02
200500041102;0;1;0;0;2;3;1;B02
200500041104;0;1;0;0;2;8;1;B02
200500041117;0;1;0;0;2;1;1;B02
200500041161;0;1;0;0;5;1;1;A01
200500041227;0;1;0;0;2;8;2;B02
200500041228;0;1;0;0;2;1;1;B02
200500041228;0;1;0;0;2;1;1;C03
200500041229;2;1;0;0;2;4;1;B02
200500041234;0;1;0;0;2;8;1;B02
200500041268;0;1;0;14;2;1;1;A01
200500041281;0;1;0;0;2;1;1;B02
200500041296;0;1;0;0;2;1;10;B02
200500041303;0;1;0;0;2;1;1;B02
200500041320;0;1;0;0;0;1;1;A01
200500041325;0;1;0;0;0;6;1;B02
200500041338;0;1;0;0;2;1;1;B02
200500041358;0;1;0;0;2;4;1;B02
200500041362;0;1;0;0;0;4;19;B02
200500041363;0;1;0;0;2;1;1;B02
200500041423;0;1;0;0;2;3;19;B02
200500041439;0;1;0;0;2;8;9;B02
200500041454;0;1;0;0;0;0;1;B02
200500041460;0;1;0;0;0;0;1;A01
200500041464;0;1;0;0;2;1;13;B02
200500041492;0;1;0;0;2;3;1;B02
200500041533;0;1;0;0;2;1;18;B02
200500041539;0;1;0;0;2;4;2;B02
200500041558;0;1;0;0;2;8;15;A01
200500041565;0;1;0;0;2;1;0;B02
200500041569;0;1;0;0;2;6;2;B02
200500041592;0;1;0;0;2;1;19;B02
200500041601;0;1;0;0;2;1;1;B02
200500041633;0;1;0;0;2;8;15;B02
200500041637;0;1;0;14;0;1;1;A01
200500041650;0;1;0;0;2;1;1;B02
200500041662;0;1;0;0;2;8;1;A01
200500041668;0;1;0;0;0;8;1;A01
200500041687;0;1;0;0;0;1;1;A01
200500041730;0;1;0;0;2;8;1;C03
200500041760;0;1;0;0;2;4;1;B02
200500041763;0;1;0;0;2;7;1;A01
200500041770;0;1;0;0;2;1;1;B02
200500041774;0;1;0;0;2;1;1;B02
200500041787;0;1;0;0;2;8;15;B02
200500041790;0;1;0;0;2;1;0;B02
200500041802;0;1;0;0;2;1;1;A01
200500041807;0;1;0;0;2;1;1;B02
200500041809;0;1;0;0;0;7;1;A01
200500041812;0;1;0;0;2;1;1;A01
200500041828;0;1;0;0;2;1;1;B02
200500041839;0;1;0;0;2;4;1;B02
200500041841;0;1;0;0;0;4;2;B02
200500041843;0;1;0;0;0;4;1;B02
200500041858;0;1;0;0;2;4;5;B02
200500041873;0;1;0;0;2;7;9;A01
200500041876;0;1;0;0;2;1;1;B02
200500041878;0;1;0;0;0;0;0;A01
200500041882;0;1;0;0;2;8;19;B02
200500041889;0;1;0;0;0;4;1;B02
200500041889;0;1;0;0;0;4;1;C03
200500041911;0;1;0;0;2;1;15;B02
200500041960;0;1;0;0;0;8;1;B02
200500041964;0;1;0;0;2;3;1;B02
200500041989;0;1;0;0;2;8;1;B02
200500041993;0;1;0;0;2;1;13;A01
200500042021;0;1;0;0;0;2;0;A01
200500042031;0;1;0;0;0;1;1;B02
200500042035;0;1;0;0;2;1;19;B02
200500042037;0;1;0;0;2;1;5;B02
200500042044;0;1;0;0;0;5;1;B02
200500042057;0;1;0;0;2;3;1;B02
200500042079;0;1;0;0;2;6;15;B02
200500042090;0;1;0;0;2;7;15;B02
200500042099;0;1;0;12;0;0;14;A01
200500042100;0;1;0;0;2;1;1;B02
200500042101;0;1;0;0;2;8;1;B02
200500042103;0;1;0;0;2;1;1;B02
200500042104;0;1;0;0;0;0;1;A01
200500042135;0;1;0;0;2;4;1;B02
200500042135;0;1;0;0;2;4;1;C03
200500042135;0;1;0;0;2;4;1;D04
200500042146;0;1;0;0;0;8;15;B02
200500042149;0;1;0;0;0;0;1;A01
200500042151;0;1;0;0;0;1;19;B02
200500042165;0;1;0;0;2;1;0;B02
200500042179;0;1;0;0;0;4;2;B02
200500042221;0;1;0;0;2;1;16;A01
200500042235;0;1;0;0;2;6;13;B02
200500042295;0;1;0;0;2;1;10;B02
200500042300;0;1;0;0;2;1;5;A01
200500042339;0;1;0;0;2;7;0;B02
200500042343;0;1;0;0;0;0;16;A01
200500042369;0;1;0;0;2;7;1;B02
200500042381;0;1;0;15;0;1;1;A01
200500042404;0;1;0;0;2;7;19;A01
200500042448;0;1;0;0;2;1;1;B02
200500042448;0;1;0;0;2;0;1;C03
200500042461;0;1;0;0;0;1;1;B02
200500042487;0;1;0;0;2;1;1;B02
200500042534;0;1;0;0;0;4;1;B02
200500042534;0;1;0;0;0;4;1;C03
200500042540;0;1;0;0;2;1;16;A01
200500042544;0;1;0;0;2;3;1;B02
200500042585;0;1;0;0;2;3;15;B02
200500042592;0;1;0;0;0;4;2;B02
200500042607;0;1;0;1;0;1;13;B02
200500042621;0;1;0;0;2;1;19;A01
200500042627;0;1;0;0;0;8;0;A01
200500042686;0;1;0;0;2;8;19;B02
200500042701;0;1;0;0;2;3;1;B02
200500042702;0;1;0;0;2;8;19;A01
200500042739;0;1;0;0;0;4;1;B02
200500042739;0;1;0;0;0;4;1;C03
200500042765;0;1;0;0;2;8;19;B02
200500042773;0;1;0;0;5;0;0;A01
200500042800;0;1;0;0;0;4;11;A01
200500042801;0;1;0;0;2;1;1;B02
200500042813;0;1;0;0;2;1;15;A01
200500042866;0;1;0;0;2;7;14;B02
200500042879;0;1;0;0;2;0;1;B02
200500042894;0;1;0;0;2;3;15;A01
200500042922;0;1;0;0;2;3;19;B02
200500042935;0;1;0;0;2;4;1;B02
200500042979;0;1;0;0;0;4;1;A01
200500042984;0;1;0;0;0;1;0;B02
200500042998;0;1;0;0;2;1;15;A01
200500043027;0;1;0;0;2;8;2;B02
200500043128;0;1;0;0;0;8;1;A01
200500043128;0;1;0;0;0;8;13;B02
200500043132;0;1;0;0;0;1;15;B02
200500043173;0;1;0;0;2;1;1;B02
200500043183;0;1;0;0;2;4;1;B02
200500043190;0;1;0;0;2;4;1;A01
200500043200;0;1;0;0;2;1;1;B02
200500043275;0;1;0;0;2;1;1;B02
200500043297;0;1;0;0;2;1;5;B02
200500043306;0;1;0;0;2;2;1;A01
200500043307;0;1;0;0;2;8;1;B01
200500043357;0;1;0;0;2;1;1;B01
200500043384;0;1;0;0;0;0;1;B01
200500043419;0;1;0;0;2;4;17;A01
200500043444;0;1;0;0;2;8;11;B01
200500043448;0;1;0;0;2;7;19;B01
200500043450;0;1;0;1;0;1;1;B01
200500043456;0;1;0;1;2;2;1;B01
200500043496;0;1;0;0;2;8;0;B01
200500043499;0;1;0;0;2;1;0;A01
200500043510;0;1;0;0;1;1;1;A01
200500043517;0;1;0;0;1;1;0;A01
200500043538;0;1;0;1;0;1;1;B01
200500043553;0;1;0;0;2;0;0;B01
200500043555;0;1;0;0;2;6;1;B01
200500043559;0;1;0;0;2;0;1;B01
200500043581;0;1;0;0;2;0;1;B01
200500043589;0;1;0;0;1;1;1;A01
200500043592;0;1;0;0;1;1;1;A01
200500043634;0;1;0;0;2;4;2;B01
200500043635;0;1;0;0;2;1;10;A01
200500043641;0;1;0;0;2;1;13;A01
200500043653;0;1;0;0;2;1;13;A01
200500043671;0;1;0;0;2;1;1;B01
200500043819;0;1;0;0;2;8;1;A01
200500043839;0;1;0;0;2;2;2;A01
200500044024;0;1;0;0;2;1;1;B01
200500044037;0;1;0;0;2;1;1;A01
200500044051;0;1;0;0;0;8;1;B01
200500044073;0;1;0;0;2;2;19;A01
200500044082;0;1;0;0;2;3;1;B01
200500044083;0;1;0;0;2;4;13;A01
200500044093;0;1;0;14;0;1;1;B01
200500044101;0;1;0;0;2;7;1;B01
200500044108;0;1;0;0;2;0;0;B01
200500044134;0;1;0;0;2;0;2;B01
200500044149;0;1;0;0;2;1;1;B01
200500044203;0;1;0;0;2;1;19;A01
200500044221;0;1;0;1;0;1;1;B01
200500044226;0;1;0;0;2;4;1;B01
200500044229;0;1;0;0;2;1;1;B01
200500044230;0;1;0;0;2;8;0;B01
200500044241;0;1;0;0;2;8;15;A01
200500044257;0;1;0;0;2;1;1;A01
200500044315;0;1;0;0;2;1;1;B01
200500044346;0;1;0;0;2;1;1;B01
200500044407;0;1;0;0;0;1;1;A01
200500044435;0;1;0;0;2;4;19;A01
200500044457;0;1;0;0;2;4;2;B01
200500044470;0;1;0;14;1;2;1;A01
200500044472;0;1;0;0;1;1;1;A01
200500044482;0;1;0;0;2;1;19;B01
200500044486;0;1;0;14;0;1;1;B01
200500044490;0;1;0;0;4;0;0;A01
200500044504;0;1;0;0;2;1;1;A01
200500044504;0;1;0;0;2;1;1;B01
200500044505;0;1;0;0;1;1;1;A01
200500044518;0;1;0;0;2;1;7;B01
200500044522;0;1;0;0;2;2;16;A01
200500044528;0;1;0;0;2;1;15;B01
200500044534;0;1;0;0;2;8;1;B01
200500044544;0;1;0;0;2;1;12;A01
200500044551;0;1;0;0;2;1;1;B01
200500044561;0;1;0;0;2;1;1;B01
200500044565;0;1;0;0;0;4;12;B01
200500044567;0;1;0;1;0;1;21;B01
200500044583;0;1;0;0;2;8;1;B01
200500044609;0;1;0;0;2;3;19;A01
200500044642;0;1;0;0;2;1;5;A01
200500044646;0;1;0;0;2;1;1;B01
200500044661;0;1;0;0;2;4;1;B01
200500044664;0;1;0;0;2;0;1;B01
200500044673;0;1;0;0;2;8;0;B01
200500044674;0;1;0;0;1;1;1;A01
200500044680;0;1;0;0;2;0;1;A01
200500044687;0;1;0;0;2;7;0;B01
200500044713;0;1;0;0;0;0;0;A01
200500044713;0;1;0;0;0;0;0;B01
200500044730;0;1;0;0;2;3;1;B01
200500044735;0;1;0;0;2;3;1;B01
200500044738;0;1;0;0;2;1;19;A01
200500044740;0;1;0;0;2;7;1;B01
200500044743;0;1;0;0;2;1;1;B01
200500044748;0;1;0;0;2;2;1;A01
200500044756;0;1;0;0;2;1;13;B01
200500044759;0;1;0;0;2;7;15;A01
200500044787;0;1;0;0;2;1;5;B01
200500044806;0;1;0;0;2;1;5;A01
200500044809;0;1;0;0;2;1;1;A01
200500044827;0;1;0;14;0;1;1;A01
200500044832;0;1;0;0;2;3;9;A01
200500044838;0;1;0;0;2;1;0;B01
200500044840;0;1;0;1;0;1;1;B01
200500044843;0;1;0;0;2;1;13;A01
200500044850;0;1;0;1;0;1;1;B01
200500044855;0;1;0;0;2;1;21;B01
200500044860;0;1;0;0;1;1;0;A01
200500044872;0;1;0;0;9;1;1;B01
200500044881;0;1;0;0;2;1;5;A01
200500044883;0;1;0;0;2;1;1;B01
200500044887;0;1;0;0;2;0;2;B01
200500044889;0;1;0;0;2;3;1;B01
200500044890;0;1;0;1;0;1;1;B01
200500044891;0;1;0;0;0;0;2;B01
200500044892;0;1;0;0;2;1;1;A01
200500044902;0;1;0;0;2;2;1;B01
200500044921;0;1;0;0;1;1;1;A01
200500044925;0;1;0;0;2;3;2;A01
200500044937;0;1;0;1;0;1;1;B01
200500044946;0;1;0;0;2;1;1;B01
200500044948;0;1;0;0;2;0;0;B01
200500044952;0;1;0;1;2;4;1;B01
200500044966;0;1;0;0;0;1;19;B01
200500044973;0;1;0;0;0;0;14;A01
200500044975;0;1;0;1;0;1;1;A01
200500044999;0;1;0;1;0;1;1;B01
200500045040;0;1;0;0;2;1;1;B01
200500045044;0;1;0;0;2;4;15;B01
200500045045;0;1;0;0;2;1;13;A01
200500045049;0;1;0;0;2;1;1;B01
200500045060;0;1;0;0;1;1;5;A01
200500045061;0;1;0;0;2;1;15;A01
200500045072;0;1;0;0;2;8;2;B01
200500045081;0;1;0;0;2;8;1;A01
200500045083;0;1;0;0;2;3;9;B01
200500045094;0;1;0;0;2;1;19;B01
200500045096;0;1;0;0;2;8;13;B01
200500045111;0;1;0;0;1;1;1;A01
200500045137;0;1;0;0;0;3;1;B01
200500045171;0;1;0;0;2;4;1;A01
200500045195;0;1;0;14;0;0;1;A01
200500045200;0;1;0;1;0;1;1;B01
200500045207;0;1;0;1;0;1;1;B01
200500045208;0;1;0;0;2;1;1;B01
200500045213;0;1;0;0;2;1;1;A01
200500045215;0;1;0;0;2;0;19;B01
200500045217;0;1;0;0;2;0;2;A01
200500045220;0;1;0;0;0;4;1;B01
200500045236;0;1;0;0;0;0;1;A01
200500045237;0;1;0;0;2;1;1;B01
200500045256;0;1;0;0;0;0;5;B01
200500045257;0;1;0;0;2;1;19;B01
200500045264;0;1;0;0;2;8;1;B01
200500045281;0;1;0;0;0;1;1;A01
200500045282;0;1;0;0;1;1;13;A01
200500045288;0;1;0;0;2;1;0;B01
200500045289;0;1;0;0;2;7;1;B01
200500045292;0;1;0;0;2;6;2;B01
200500045294;0;1;0;0;2;5;15;A01
200500045304;0;1;0;0;2;1;19;B01
200500045304;0;1;0;1;2;1;19;C01
200500045305;0;1;0;0;2;4;0;B01
200500045308;0;1;0;0;2;1;16;B01
200500045311;0;1;0;0;2;1;1;B01
200500045314;0;1;0;0;2;4;1;B01
200500045343;0;1;0;0;2;8;0;B01
200500045351;0;1;0;0;2;3;1;B01
200500045360;0;1;0;0;2;1;1;B01
200500045362;0;1;0;0;1;0;1;A01
200500045399;0;1;0;0;2;4;13;A01
200500045404;0;1;0;0;2;1;1;B01
200500045410;0;1;0;0;2;1;15;A01
200500045421;0;1;0;0;0;0;19;A01
200500045431;0;1;0;0;0;4;1;B01
200500045446;0;1;0;0;2;1;15;A01
200500045488;0;1;0;0;2;1;9;B01
200500045536;0;1;0;0;2;8;2;B01
200500045543;0;1;0;0;2;1;19;A01
200500045572;0;1;0;0;2;4;1;B01
200500045586;0;1;0;0;2;1;1;A01
200500045596;0;1;0;0;2;4;16;A01
200500045599;0;1;0;0;0;8;1;B01
200500045600;0;1;0;0;2;1;1;B01
200500045606;0;1;0;0;2;5;1;B01
200500045617;0;1;0;0;2;1;1;A01
200500045619;0;1;0;0;2;8;19;B01
200500045621;0;1;0;0;2;6;15;A01
200500045624;0;1;0;0;2;6;19;B01
200500045632;0;1;0;0;2;7;1;B01
200500045634;0;1;0;1;0;1;1;B01
200500045640;0;1;0;0;2;3;9;A01
200500045641;0;1;0;1;0;1;16;A01
200500045647;0;1;0;0;2;1;19;A01
200500045653;0;1;0;0;2;7;1;B01
200500045660;2;1;0;0;1;1;0;A01
200500045664;0;1;0;0;2;1;1;B01
200500045665;0;1;0;0;2;1;1;A01
200500045667;0;1;0;0;2;1;1;B01
200500045668;0;1;0;0;2;4;1;B01
200500045669;0;1;0;0;2;3;15;A01
200500045669;0;1;0;0;2;2;1;B01
200500045691;0;1;0;0;2;1;1;A01
200500045693;0;1;0;0;2;1;1;B01
200500045695;0;1;0;0;2;4;19;B01
200500045704;0;1;0;0;2;0;1;B01
200500045705;0;1;0;0;1;0;1;A01
200500045707;0;1;0;1;2;4;1;B01
200500045717;0;1;0;0;2;1;15;A01
200500045721;0;1;0;0;2;4;13;B01
200500045728;0;1;0;0;2;1;1;A01
200500045730;0;1;0;0;2;1;1;B01
200500045739;0;1;0;0;2;0;1;B01
200500045740;0;1;0;0;2;1;1;B01
200500045751;0;1;0;0;2;4;2;B01
200500045753;0;1;0;0;2;8;16;B01
200500045778;0;1;0;0;0;4;1;B01
200500045781;0;1;0;1;0;4;1;B01
200500045802;0;1;0;0;0;4;1;B01
200500045808;0;1;0;0;0;8;1;B01
200500045815;0;1;0;0;0;4;7;B01
200500045825;0;1;0;0;2;1;1;B01
200500045838;0;1;0;0;0;0;1;A01
200500045841;0;1;0;0;2;3;1;B01
200500045858;0;1;0;0;2;3;18;A01
200500045864;0;1;0;0;2;1;1;B01
200500045876;0;1;0;0;2;3;19;A01
200500045882;0;1;0;0;1;1;1;A01
200500045903;0;1;0;0;2;3;1;B01
200500045925;0;1;0;0;2;1;7;A01
200500045926;0;1;0;0;2;1;1;B01
200500045937;0;1;0;0;2;1;1;A01
200500045940;0;1;0;0;2;8;19;B01
200500045943;0;1;0;0;2;1;5;A01
200500045949;0;1;0;0;1;1;1;A01
200500045951;0;1;0;0;2;3;18;A01
200500045961;0;1;0;0;2;1;1;B01
200500045985;0;1;0;0;1;1;1;A01
200500046017;0;1;0;0;1;1;1;A01
200500046022;0;1;0;0;1;1;1;A01
200500046024;0;1;0;0;2;1;1;B01
200500046035;0;1;0;0;2;1;5;A01
200500046037;0;1;0;0;2;1;16;A01
200500046041;0;1;0;0;2;2;1;A01
200500046062;0;1;0;0;2;3;1;A01
200500046065;0;1;0;0;2;3;1;B01
200500046086;0;1;0;0;1;1;1;A01
200500046104;0;1;0;0;1;1;1;A01
200500046108;0;1;0;0;2;3;1;B01
200500046111;0;1;0;0;1;1;1;A01
200500046117;0;1;0;0;1;3;1;A01
200500046121;0;1;0;1;0;2;1;A01
200500046144;0;1;0;1;0;2;1;A01
200500046147;0;1;0;0;2;1;5;A01
200500046154;0;1;0;0;2;1;1;A01
200500046175;1;1;0;0;1;0;0;A01
200500046178;1;1;0;0;0;0;0;A01
200500046179;0;1;0;0;2;2;1;B01
200500046184;0;1;0;0;2;3;19;A01
200500046199;0;1;0;0;2;1;5;A01
200500046203;0;1;0;0;2;2;1;A01
200500046221;0;1;0;0;2;3;18;A01
200500046229;0;1;0;0;2;1;1;A01
200500046268;0;1;0;1;0;1;1;A01
200500046280;0;1;0;0;1;1;5;A01
200500046283;0;1;0;0;2;1;5;A01
200500046310;0;1;0;0;2;1;5;A01
200500046310;0;1;0;0;2;1;7;B01
200500046316;0;1;0;0;2;3;1;B01
200500046328;0;1;0;14;2;2;1;B01
200500046340;0;1;0;0;2;1;7;B01
200500046346;0;1;0;0;2;2;1;B01
200500046386;0;1;0;0;0;4;2;B01
200500046389;0;1;0;0;2;1;1;B01
200500046394;0;1;0;0;2;7;1;B01
200500046434;0;1;0;0;9;8;1;B01
200500046454;0;1;0;0;2;2;2;A01
200500046470;0;1;0;0;2;8;1;A01
200500046472;0;1;0;0;2;0;19;B01
200500046484;0;1;0;0;2;1;6;B01
200500046526;0;1;0;0;0;4;1;B01
200500046551;0;1;0;1;0;1;1;A01
200500046591;0;1;0;0;2;1;13;A01
200500046595;0;1;0;0;1;1;1;A01
200500046599;0;1;0;0;2;1;1;B01
200500046600;0;1;0;0;2;1;1;B01
200500046610;0;1;0;0;2;9;17;B01
200500046616;0;1;0;0;2;1;1;B01
200500046617;0;1;0;0;2;1;1;B01
200500046626;0;1;0;0;2;4;15;B01
200500046659;0;1;0;0;2;8;2;B01
200500046677;0;1;0;0;2;8;1;B01
200500046692;0;1;0;0;2;6;2;B01
200500046715;0;1;0;0;2;7;1;B01
200500046727;0;1;0;0;2;1;13;A01
200500046740;0;1;0;0;2;0;1;B01
200500046752;0;1;0;0;1;1;2;A01
200500046763;0;1;0;0;2;8;15;B01
200500046779;0;1;0;0;2;1;1;B01
200500046797;0;1;0;16;0;8;1;A01
200500046804;0;1;0;16;0;8;1;A01
200500046814;0;1;0;0;2;6;1;B01
200500046827;0;1;0;0;2;1;1;B01
200500046830;0;1;0;0;2;1;13;A01
200500046849;0;1;0;0;2;1;13;B01
200500046868;0;1;0;0;2;7;19;A01
200500046873;0;1;0;0;2;1;19;B01
200500046878;0;1;0;0;2;8;11;B01
200500046879;0;1;0;0;0;7;0;B01
200500046899;0;1;0;0;2;1;1;B01
200500046911;0;1;0;0;0;8;2;B01
200500046930;0;1;0;0;2;8;15;B01
200500046934;0;1;0;0;2;1;2;B01
200500046943;0;1;0;0;2;7;19;B01
200500046964;0;1;0;0;0;4;15;B01
200500046979;0;1;0;0;2;1;1;B01
200500046999;0;1;0;0;2;2;19;B01
200500047006;0;1;0;0;2;7;19;A01
200500047041;0;1;0;1;0;1;2;B01
200500047056;0;1;0;11;0;0;1;A01
200500047062;0;1;0;15;2;3;15;B01
200500047072;0;1;0;0;2;7;14;A01
200500047104;0;1;0;0;2;1;19;B01
200500047111;0;1;0;0;0;0;0;B01
200500047140;0;1;0;0;2;1;15;B01
200500047151;0;1;0;0;2;8;19;A01
200500047155;0;1;0;0;2;1;1;A01
200500047174;0;1;0;0;2;4;1;B01
200500047193;0;1;0;0;2;2;0;B01
200500047201;0;1;0;0;2;3;9;B01
200500047202;0;1;0;0;2;1;19;A01
200500047219;0;1;0;0;0;0;0;B01
200500047223;0;1;0;0;2;7;19;A01
200500047228;0;1;0;0;2;0;1;B01
200500047275;0;1;0;0;0;7;1;B01
200500047280;0;1;0;0;2;1;0;A01
200500047282;0;1;0;0;2;7;19;A01
200500047291;0;1;0;1;2;0;2;A01
200500047315;0;1;0;0;2;0;1;B01
200500047327;0;1;0;0;2;1;19;A01
200500047370;0;1;0;0;2;1;1;A01
200500047395;0;1;0;1;0;1;3;B01
200500047396;0;1;0;0;2;1;5;A01
200500047407;0;1;0;0;2;1;1;B01
200500047631;0;1;0;0;9;0;1;A01
200500047648;0;1;0;0;2;1;1;A01
200500047692;0;1;0;0;2;1;8;B01
200500047699;0;1;0;0;2;1;1;B01
200500047701;0;1;0;0;2;8;1;A01
200500047702;0;1;0;0;2;8;1;B01
200500047708;0;1;0;0;2;1;1;B01
200500047743;0;1;0;0;2;1;1;B01
200500047745;0;1;0;0;2;1;19;A01
200500047745;0;1;0;0;2;1;1;B01
200500047756;0;1;0;0;2;4;1;B01
200500047845;0;1;0;1;0;8;2;C01
200500047898;0;1;0;0;2;1;1;B02
200500047901;0;1;0;0;2;1;0;B02
200500047912;0;1;0;0;0;3;1;B02
200500047924;0;1;0;0;2;8;13;A01
200500047934;0;1;0;0;2;8;1;B02
200500047947;0;1;0;0;2;8;19;B02
200500047948;0;1;0;0;0;4;1;B02
200500047968;0;1;0;0;2;1;15;B02
200500047979;0;1;0;0;2;8;2;B02
200500047996;0;1;0;0;2;8;19;A01
200500048045;0;1;0;0;2;1;15;B02
200500048056;0;1;0;0;2;1;5;B02
200500048056;0;1;0;0;2;1;0;C03
200500048091;0;1;0;0;2;1;1;B02
200500048101;0;1;0;0;2;8;19;A01
200500048103;0;1;0;0;2;8;1;B02
200500048131;0;1;0;0;2;1;15;B02
200500048133;0;1;0;0;2;1;1;B02
200500048136;0;1;0;0;2;6;2;B02
200500048141;0;1;0;0;2;1;13;A01
200500048143;0;1;0;1;0;1;2;B02
200500048180;0;1;0;0;2;4;15;B02
200500048184;0;1;0;0;0;6;1;C03
200500048212;0;1;0;0;2;8;15;B02
200500048216;0;1;0;0;2;1;15;B02
200500048258;0;1;0;0;0;0;0;A01
200500048288;0;1;0;0;2;1;17;A01
200500048288;0;1;0;0;2;8;1;B02
200500048293;0;1;0;0;2;6;2;B02
200500048301;0;1;0;0;2;1;1;B02
200500048372;0;1;0;0;2;8;13;A01
200500048375;0;1;0;0;2;1;5;B02
200500048376;0;1;0;0;2;0;1;B02
200500048387;0;1;0;0;2;1;19;A01
200500048390;0;1;0;0;2;7;0;B02
200500048395;0;1;0;0;2;8;2;A01
200500048409;0;1;0;0;0;7;15;B02
200500048480;0;1;0;0;2;4;0;B02
200500048490;0;1;0;0;2;1;16;A01
200500048506;0;1;0;0;2;1;19;B02
200500048511;0;1;0;0;2;1;15;B02
200500048584;0;1;0;0;2;0;5;A01
200500048585;0;1;0;0;2;3;1;B02
200500048633;0;1;0;0;0;1;1;B02
200500048650;0;1;0;0;2;0;0;B02
200500048654;0;1;0;0;2;4;2;B02
200500048717;0;1;0;0;2;8;19;A01
200500048760;0;1;0;0;2;8;15;A01
200500048797;0;1;0;0;0;0;0;A01
200500048809;0;1;0;0;0;4;2;B02
200500048832;0;1;0;16;0;1;1;A01
200500048834;0;1;0;0;0;4;2;B02
200500048835;0;1;0;0;1;1;1;A01
200500048845;0;1;0;12;2;7;1;A01
200500048855;0;1;0;0;2;8;2;B02
200500048856;0;1;0;0;2;1;1;B02
200500048868;0;1;0;6;0;1;15;A01
200500048904;0;1;0;0;2;3;1;A01
200500048925;0;1;0;0;2;1;1;B02
200500048933;0;1;0;0;2;1;15;B02
200500048948;0;1;0;0;0;8;1;A01
200500048955;0;1;0;0;2;1;1;B02
200500048967;0;1;0;0;2;1;1;A01
200500048973;0;1;0;0;2;1;1;B02
200500048979;0;1;0;0;2;1;13;B02
200500049002;0;1;0;0;2;7;11;B02
200500049003;0;1;0;0;2;1;1;B02
200500049033;0;1;0;0;2;1;1;B02
200500049038;0;1;0;0;2;1;1;B02
200500049054;0;1;0;0;2;4;2;B02
200500049106;0;1;0;0;2;8;1;A01
200500049115;0;1;0;0;2;4;1;B02
200500049140;0;1;0;0;2;1;15;A01
200500049143;0;1;0;0;2;7;1;B02
200500049144;0;1;0;0;0;0;0;A01