Num_Acc;senc;catv;occutc;obs;obsm;choc;manv;num_veh
200500049154;0;1;0;0;2;4;2;B02
200500049170;0;1;0;0;2;1;13;B02
200500049207;0;1;0;0;2;1;17;B02
200500049220;0;1;0;6;0;8;19;B02
200500049246;0;1;0;0;2;1;1;B02
200500049250;0;1;0;0;0;9;1;B02
200500049250;0;1;0;0;0;1;1;C03
200500049252;0;1;0;0;2;4;2;B02
200500049286;0;1;0;0;0;3;2;A01
200500049294;0;1;0;0;2;1;15;A01
200500049296;0;1;0;0;2;1;1;B02
200500049302;0;1;0;0;2;1;1;B02
200500049308;0;1;0;0;2;7;1;A01
200500049327;0;1;0;0;2;1;19;B02
200500049358;0;1;0;0;2;8;15;B02
200500049359;0;1;0;0;0;4;1;B02
200500049372;0;1;0;0;2;5;1;B02
200500049428;0;1;0;14;0;1;1;A01
200500049441;0;1;0;0;2;6;19;B02
200500049452;0;1;0;0;0;3;9;B02
200500049477;0;1;0;0;0;0;2;A01
200500049478;0;1;0;0;2;8;1;B02
200500049493;0;1;0;0;2;7;14;B02
200500049512;0;1;0;14;0;9;1;A01
200500049528;0;1;0;0;2;8;0;B02
200500049550;0;1;0;0;0;1;13;B02
200500049551;0;1;0;0;0;4;2;B02
200500049552;0;1;0;0;2;1;1;B02
200500049556;0;1;0;0;2;8;1;A01
200500049588;0;1;0;0;2;3;13;A01
200500049593;0;1;0;0;2;1;13;A01
200500049617;0;1;0;0;2;1;1;A01
200500049627;0;1;0;0;2;1;1;A01
200500049633;0;1;0;0;2;1;1;B02
200500049649;0;1;0;0;2;1;1;B02
200500049653;0;1;0;0;0;0;0;A01
200500049662;0;1;0;0;2;3;19;B02
200500049673;0;1;0;0;2;8;1;B02
200500049696;0;1;0;0;2;0;1;B02
200500049713;0;1;0;0;2;7;19;B02
200500049715;0;1;0;0;2;8;16;B02
200500049736;0;1;0;0;2;2;15;A01
200500049752;0;1;0;0;2;1;1;B02
200500049798;0;1;0;0;2;4;13;A01
200500049880;0;1;0;0;2;1;5;B02
200500049892;0;1;0;0;2;8;19;A01
200500049895;0;1;0;0;2;0;0;B02
200500049899;0;1;0;0;2;8;19;B02
200500049943;0;1;0;0;2;0;1;B02
200500049974;0;1;0;0;0;1;17;A01
200500049974;0;1;0;0;0;1;1;B02
200500049990;0;1;0;0;2;4;1;A01
200500050129;0;1;0;0;2;1;1;B02
200500050129;0;1;0;0;2;1;1;C03
200500050163;0;1;0;0;2;1;1;B02
200500050181;0;1;0;0;0;8;19;B02
200500050218;0;1;0;0;0;0;0;B02
200500050232;0;1;0;12;0;1;0;A01
200500050264;0;1;0;0;2;1;1;B01
200500050274;0;1;0;0;2;0;17;A01
200500050279;0;1;0;0;0;0;1;B01
200500050284;0;1;0;0;2;1;1;A01
200500050287;0;1;0;0;0;0;0;B01
200500050290;0;1;0;0;2;0;1;B01
200500050303;0;1;0;1;2;1;0;A01
200500050307;0;1;0;0;2;4;2;B01
200500050322;0;1;0;1;0;1;1;B01
200500050347;0;1;0;0;2;1;1;B01
200500050422;0;1;0;0;2;7;1;B01
200500050441;0;1;0;0;2;1;1;A01
200500050442;0;1;0;0;2;3;1;B01
200500050463;0;1;0;1;0;1;1;B01
200500050469;0;1;0;0;2;0;19;A01
200500050470;0;1;0;0;2;1;0;B01
200500050471;0;1;0;0;2;1;11;A01
200500050472;0;1;0;0;2;1;11;A01
200500050547;0;1;0;0;2;8;1;A01
200500050571;0;1;0;0;0;0;1;B01
200500050576;0;1;0;0;2;7;2;B01
200500050582;0;1;0;0;2;1;2;B01
200500050585;0;1;0;0;2;7;2;B01
200500050602;0;1;0;0;2;0;9;A01
200500050633;0;1;0;0;2;0;1;A01
200500050636;0;1;0;0;2;1;1;B01
200500050739;0;1;0;0;0;0;0;B01
200500050748;0;1;0;0;1;1;1;A01
200500050801;0;1;0;0;2;1;0;B01
200500050827;0;1;0;0;0;1;0;B01
200500050828;0;1;0;0;2;1;1;B01
200500050837;0;1;0;0;2;1;13;A01
200500050838;0;1;0;0;2;1;1;A01
200500050839;0;1;0;0;2;3;15;A01
200500050842;0;1;0;0;2;1;19;A01
200500050855;0;1;0;0;2;4;1;B01
200500050870;0;1;0;0;2;8;1;A01
200500050874;0;1;0;0;2;1;1;B01
200500050875;0;1;0;0;2;8;1;B01
200500050879;0;1;0;0;2;1;1;B01
200500050882;0;1;0;0;2;3;1;B01
200500050888;0;1;0;1;0;1;1;B01
200500050894;0;1;0;0;2;8;19;B01
200500050934;0;1;0;0;2;8;13;B01
200500050939;0;1;0;0;2;2;2;B01
200500050950;0;1;0;0;2;3;15;A01
200500051003;0;1;0;0;0;8;3;B01
200500051004;0;1;0;0;2;1;1;A01
200500051014;0;1;0;0;2;1;19;B01
200500051043;0;1;0;0;2;2;1;A01
200500051089;0;1;0;0;2;1;3;A01
200500051108;0;1;0;0;2;1;1;A01
200500051111;0;1;0;0;2;1;19;A01
200500051129;0;1;0;0;2;1;0;A01
200500051131;0;1;0;1;2;1;1;A01
200500051158;0;1;0;0;2;8;1;B01
200500051167;0;1;0;0;1;1;1;A01
200500051186;0;1;0;0;2;1;2;A01
200500051192;0;1;0;0;2;8;1;B01
200500051196;0;1;0;0;2;1;1;B01
200500051196;0;1;0;0;2;1;1;C01
200500051196;0;1;0;0;2;1;0;D01
200500051196;0;1;0;0;0;1;1;E01
200500051197;0;1;0;0;2;8;19;B01
200500051203;0;1;0;0;2;7;1;B01
200500051215;0;1;0;0;2;1;1;A01
200500051218;0;1;0;0;2;1;1;B01
200500051221;0;1;0;0;2;8;1;B01
200500051226;0;1;0;0;2;0;1;A01
200500051242;0;1;0;0;2;8;1;B01
200500051255;0;1;0;0;2;0;1;B01
200500051257;0;1;0;0;2;8;1;B01
200500051259;0;1;0;0;2;1;1;B01
200500051260;0;1;0;0;2;1;1;A01
200500051291;0;1;0;0;0;7;1;B01
200500051298;0;1;0;0;2;8;19;A01
200500051360;0;1;0;0;2;7;19;A01
200500051369;0;1;0;0;2;8;1;B01
200500051372;0;1;0;0;2;4;2;A01
200500051381;0;1;0;0;2;4;15;A01
200500051382;0;1;0;1;0;0;2;B01
200500051390;0;1;0;0;2;1;1;B01
200500051393;0;1;0;0;2;1;1;B01
200500051396;0;1;0;0;2;1;1;A01
200500051397;0;1;0;0;9;8;2;B01
200500051401;0;1;0;0;2;8;1;B01
200500051407;0;1;0;0;1;1;1;A01
200500051418;0;1;0;0;2;1;1;A01
200500051418;0;1;0;0;2;1;1;B01
200500051430;0;1;0;0;2;1;1;B01
200500051433;0;1;0;0;2;8;15;A01
200500051449;0;1;0;0;2;8;19;B01
200500051469;0;1;0;0;2;8;1;A01
200500051471;0;1;0;0;2;1;1;B01
200500051474;0;1;0;0;2;0;1;B01
200500051481;0;1;0;0;2;1;6;A01
200500051483;0;1;0;0;0;1;1;A01
200500051487;0;1;0;0;2;2;1;B01
200500051502;0;1;0;0;2;4;15;B01
200500051506;0;1;0;0;2;4;1;B01
200500051509;0;1;0;0;2;1;2;A01
200500051520;1;1;0;0;2;0;0;A01
200500051550;0;1;0;0;2;1;2;B01
200500051562;0;1;0;0;1;1;0;A01
200500051568;0;1;0;0;0;1;19;B01
200500051592;0;1;0;0;0;8;2;B01
200500051601;0;1;0;0;2;1;1;B01
200500051602;0;1;0;0;2;1;1;A01
200500051615;0;1;0;0;2;1;15;B01
200500051617;0;1;0;0;0;0;1;A01
200500051620;0;1;0;0;0;0;1;A01
200500051621;0;1;0;0;0;0;2;A01
200500051634;0;1;0;0;2;2;1;B01
200500051641;0;1;0;0;2;1;1;A01
200500051643;0;1;0;0;2;4;1;B01
200500051691;0;1;0;0;0;4;1;B01
200500051693;0;1;0;0;2;1;0;A01
200500051702;0;1;0;0;2;1;1;B01
200500051704;0;1;0;0;2;1;1;B01
200500051715;0;1;0;0;2;1;11;B01
200500051718;0;1;0;0;0;1;19;B01
200500051729;0;1;0;0;2;5;1;B01
200500051745;0;1;0;0;2;1;0;A01
200500051759;0;1;0;0;2;8;1;B01
200500051779;0;1;0;0;0;4;1;B01
200500051783;0;1;0;0;2;4;1;B01
200500051785;0;1;0;0;0;0;1;A01
200500051809;0;1;0;0;2;1;5;A01
200500051820;0;1;0;6;0;0;0;A01
200500051827;0;1;0;0;0;7;1;B01
200500051845;0;1;0;1;0;1;1;A01
200500051847;0;1;0;0;0;0;0;A01
200500051848;0;1;0;0;2;8;1;B01
200500051850;0;1;0;0;2;1;1;B01
200500051851;0;1;0;14;0;1;18;A01
200500051854;0;1;0;0;2;1;1;A01
200500051862;0;1;0;0;2;1;1;A01
200500051867;0;1;0;0;2;2;13;A01
200500051872;0;1;0;0;0;0;1;B01
200500051872;0;1;0;0;0;4;1;A01
200500051906;0;1;0;0;2;1;1;B01
200500051915;0;1;0;0;0;0;0;B01
200500051922;0;1;0;0;2;7;1;B01
200500051924;0;1;0;0;2;1;1;B01
200500051942;0;1;0;0;2;4;15;A01
200500051951;0;1;0;0;2;1;1;B01
200500051961;0;1;0;0;2;0;1;B01
200500051974;0;1;0;0;2;1;1;B01
200500051977;0;1;0;0;2;1;1;B01
200500051984;0;1;0;0;2;1;1;A01
200500051994;0;1;0;0;2;3;1;B01
200500052002;0;1;0;1;0;1;14;A01
200500052003;0;1;0;0;0;8;19;A01
200500052016;0;1;0;0;2;1;14;A01
200500052018;0;1;0;0;2;1;19;A01
200500052022;0;1;0;0;2;1;5;B01
200500052037;0;1;0;0;2;1;1;B01
200500052042;0;1;0;0;2;4;15;B01
200500052043;0;1;0;0;2;1;13;A01
200500052054;0;1;0;0;2;1;1;B01
200500052098;0;1;0;0;1;0;14;A01
200500052102;0;1;0;0;2;8;2;B01
200500052121;0;1;0;0;2;1;19;A01
200500052123;0;1;0;0;2;1;1;B01
200500052156;0;1;0;0;2;1;17;A01
200500052164;0;1;0;1;0;1;1;B01
200500052170;0;1;0;0;2;7;1;B01
200500052183;0;1;0;0;2;4;1;B01
200500052185;0;1;0;0;2;6;2;B01
200500052187;0;1;0;0;0;0;0;F01
200500052187;0;1;0;0;0;0;0;B01
200500052187;0;1;0;0;0;0;0;C01
200500052187;0;1;0;0;0;0;0;D01
200500052187;0;1;0;0;0;0;0;E01
200500052198;0;1;0;0;2;1;1;B01
200500052218;0;1;0;0;2;1;0;A01
200500052218;0;1;0;0;2;1;0;B01
200500052226;0;1;0;0;2;8;1;B01
200500052229;0;1;0;0;2;1;5;B01
200500052233;0;1;0;0;2;1;19;B01
200500052234;0;1;0;2;2;1;19;B01
200500052235;0;1;0;0;2;1;1;B01
200500052237;0;1;0;0;1;1;1;A01
200500052241;0;1;0;0;2;7;19;B01
200500052250;0;1;0;0;2;1;5;A01
200500052252;0;1;0;0;2;7;1;B01
200500052254;0;1;0;0;2;1;1;B01
200500052256;0;1;0;0;2;5;0;A01
200500052256;0;1;0;0;2;1;13;B01
200500052257;0;1;0;0;2;1;16;A01
200500052266;0;1;0;0;2;8;2;B01
200500052275;0;1;0;0;2;2;1;B01
200500052278;0;1;0;0;2;1;5;B01
200500052280;0;1;0;0;2;4;1;B01
200500052286;0;1;0;0;2;1;19;B01
200500052299;0;1;0;0;2;8;1;B01
200500052303;0;1;0;0;2;1;1;B01
200500052316;0;1;0;0;2;7;1;A01
200500052331;0;1;0;0;2;0;1;B01
200500052335;0;1;0;1;0;6;1;A01
200500052337;0;1;0;0;2;1;13;A01
200500052348;0;1;0;0;2;7;2;A01
200500052350;0;1;0;0;0;8;19;B01
200500052367;0;1;0;0;1;1;1;A01
200500052368;0;1;0;0;2;1;19;A01
200500052372;0;1;0;0;2;1;19;A01
200500052375;0;1;0;0;2;1;5;A01
200500052375;0;1;0;0;0;1;1;B01
200500052399;0;1;0;0;2;3;18;A01
200500052403;0;1;0;0;2;1;1;B01
200500052415;0;1;0;0;2;2;1;A01
200500052419;0;1;0;0;2;3;1;B01
200500052425;0;1;0;0;2;3;15;A01
200500052428;0;1;0;0;1;1;16;A01
200500052429;0;1;0;0;2;1;1;A01
200500052431;0;1;0;0;0;1;21;A01
200500052441;0;1;0;0;2;4;1;B01
200500052451;0;1;0;0;1;1;1;A01
200500052455;0;1;0;0;1;1;1;A01
200500052457;0;1;0;0;2;1;1;B01
200500052482;0;1;0;0;2;1;5;A01
200500052484;0;1;0;0;2;1;18;B01
200500052550;0;1;0;0;2;1;16;A01
200500052552;0;1;0;0;2;3;1;B01
200500052553;0;1;0;0;2;3;1;B01
200500052562;0;1;0;0;2;1;18;A01
200500052563;0;1;0;0;2;3;18;A01
200500052572;0;1;0;8;2;1;18;B01
200500052585;0;1;0;0;2;2;1;A01
200500052586;0;1;0;0;2;3;15;A01
200500052603;0;1;0;0;2;3;19;A01
200500052610;1;1;0;0;1;1;0;A01
200500052613;0;1;0;0;2;1;1;B01
200500052618;0;1;0;0;2;3;1;B01
200500052651;0;1;0;0;0;1;21;A01
200500052659;0;1;0;0;0;2;1;A01
200500052674;0;1;0;0;2;2;5;A01
200500052716;0;1;0;0;0;2;1;A01
200500052721;0;1;0;0;2;4;11;B01
200500052731;0;1;0;0;2;1;15;B01
200500052736;0;1;0;0;0;1;16;A01
200500052739;0;1;0;0;2;1;5;A01
200500052739;0;1;0;0;2;1;1;B01
200500052757;0;1;0;0;2;1;1;A01
200500052765;0;1;0;0;2;3;1;B01
200500052774;0;1;0;0;2;4;7;B01
200500052788;0;1;0;0;2;4;1;B01
200500052793;0;1;0;12;0;2;1;A01
200500052794;0;1;0;0;2;1;7;B01
200500052842;0;1;0;0;2;7;1;B01
200500052861;0;1;0;0;4;8;19;B01
200500052876;0;1;0;0;2;1;5;A01
200500052882;0;1;0;0;1;1;0;A01
200500052887;0;1;0;1;2;1;1;B01
200500052900;0;1;0;0;2;7;2;B01
200500052917;0;1;0;0;2;1;13;A01
200500052920;0;1;0;0;2;1;1;B01
200500052960;0;1;0;0;0;3;15;A01
200500052990;0;1;0;0;9;6;15;B01
200500053000;0;1;0;0;2;4;1;B01
200500053005;0;1;0;0;2;1;15;B01
200500053034;0;1;0;0;2;1;9;A01
200500053084;0;1;0;0;0;1;19;B01
200500053086;0;1;0;0;2;1;1;B01
200500053095;0;1;0;0;2;8;1;B01
200500053112;0;1;0;0;2;1;1;B01
200500053129;0;1;0;0;2;6;2;B01
200500053130;0;1;0;14;0;0;14;A01
200500053136;0;1;0;0;2;1;21;B01
200500053137;0;1;0;0;2;1;1;A01
200500053152;0;1;0;0;2;1;1;B01
200500053156;0;1;0;0;2;1;1;B01
200500053201;0;1;0;0;2;2;2;B01
200500053206;0;1;0;0;2;1;1;B01
200500053212;0;1;0;0;2;3;1;B01
200500053214;0;1;0;0;2;4;2;A01
200500053215;0;1;0;0;2;1;2;A01
200500053216;0;1;0;1;0;1;2;A01
200500053241;0;1;0;0;1;1;0;A01
200500053253;0;1;0;0;2;1;1;B01
200500053258;0;1;0;0;2;4;2;A01
200500053265;0;1;0;0;2;7;23;B01
200500053268;0;1;0;14;0;2;21;B01
200500053290;0;1;0;0;2;1;1;B01
200500053299;0;1;0;0;2;1;1;B01
200500053321;0;1;0;0;2;1;1;B01
200500053324;0;1;0;1;0;3;2;A01
200500053325;0;1;0;0;2;8;7;B01
200500053354;0;1;0;0;2;7;2;B01
200500053362;0;1;0;0;2;4;1;A01
200500053381;0;1;0;0;0;8;15;B01
200500053385;0;1;0;0;2;1;0;C01
200500053399;0;1;0;0;2;3;0;A01
200500053406;0;1;0;0;9;1;0;B01
200500053412;0;1;0;0;0;4;12;B01
200500053458;0;1;0;0;2;1;8;A01
200500053475;0;1;0;0;0;0;1;A01
200500053481;0;1;0;0;2;2;19;A01
200500053482;0;1;0;0;2;1;5;A01
200500053482;0;1;0;0;2;1;5;B01
200500053505;0;1;0;1;2;1;1;B01
200500053507;0;1;0;0;0;1;15;B01
200500053523;0;1;0;0;0;1;19;A01
200500053525;0;1;0;0;2;8;0;B01
200500053573;0;1;0;0;2;7;19;B01
200500053574;0;1;0;0;2;1;13;B01
200500053579;0;1;0;0;2;7;19;B01
200500053590;0;1;0;0;0;0;0;B01
200500053595;0;1;0;0;2;1;1;B01
200500053599;0;1;0;0;2;1;1;B01
200500053603;0;1;0;0;0;8;1;A01
200500053856;0;1;0;0;2;7;0;B01
200500053861;0;1;0;0;2;1;1;B01
200500053863;0;1;0;0;2;5;1;A01
200500053897;0;1;0;0;2;0;1;B01
200500053907;0;1;0;0;2;7;19;A01
200500054003;0;1;0;0;0;4;1;B02
200500054005;0;1;0;0;2;1;0;B02
200500054047;0;1;0;0;1;1;1;A01
200500054068;0;1;0;0;2;1;19;B02
200500054132;0;1;0;0;2;8;1;B02
200500054158;0;1;0;0;2;1;1;B02
200500054169;0;1;0;0;2;1;1;B02
200500054181;0;1;0;1;0;7;0;A01
200500054206;0;1;0;0;2;3;15;B02
200500054221;0;1;0;0;0;0;1;B02
200500054223;0;1;0;0;0;8;15;B02
200500054226;0;1;0;0;2;2;1;A01
200500054242;0;1;0;0;2;1;19;A01
200500054262;0;1;0;0;0;7;1;B02
200500054265;0;1;0;0;2;7;1;A01
200500054307;0;1;0;0;2;1;5;A01
200500054321;0;1;0;0;2;1;5;B02
200500054328;0;1;0;0;2;1;1;B02
200500054377;0;1;0;0;2;8;1;B02
200500054415;0;1;0;0;2;1;19;B02
200500054441;0;1;0;0;2;0;1;A01
200500054445;0;1;0;0;0;8;1;A01
200500054479;0;1;0;1;0;1;15;B02
200500054485;0;1;0;0;0;1;13;B02
200500054514;0;1;0;0;0;0;1;A01
200500054566;0;1;0;0;2;1;1;B02
200500054613;0;1;0;0;0;0;1;A01
200500054646;0;1;0;0;2;4;11;A01
200500054656;0;1;0;0;2;4;2;B02
200500054657;0;1;0;0;2;8;1;B02
200500054675;0;1;0;0;2;8;19;A01
200500054678;0;1;0;0;2;1;19;A01
200500054693;0;1;0;0;2;3;1;A01
200500054716;0;1;0;0;2;1;1;B02
200500054778;0;1;0;0;2;1;1;B02
200500054874;0;1;0;0;2;8;2;B02
200500054907;0;1;0;0;0;0;0;B02
200500054913;0;1;0;0;2;1;19;B02
200500054913;0;1;0;0;2;8;19;C03
200500054917;0;1;0;0;0;8;2;B02
200500054918;0;1;0;0;2;1;1;B02
200500054924;0;1;0;0;2;1;1;B02
200500054926;0;1;0;0;2;4;2;B02
200500054927;0;1;0;0;2;1;20;B02
200500054932;0;1;0;0;2;4;13;B02
200500054936;0;1;0;0;4;7;0;A01
200500054952;0;1;0;0;2;1;13;B02
200500054973;0;1;0;0;0;1;1;A01
200500054984;0;1;0;0;2;1;19;B02
200500054991;0;1;0;0;2;1;1;B02
200500055018;0;1;0;0;2;8;19;A01
200500055044;0;1;0;0;2;1;13;C03
200500055064;0;1;0;0;2;1;13;A01
200500055066;0;1;0;0;0;8;19;B02
200500055082;0;1;0;0;0;0;13;A01
200500055129;0;1;0;0;0;4;2;B02
200500055181;0;1;0;0;2;6;1;A01
200500055208;0;1;0;0;0;0;15;B02
200500055214;0;1;0;0;0;8;1;A01
200500055216;0;1;0;0;2;7;2;A01
200500055237;0;1;0;0;2;1;1;B02
200500055250;0;1;0;0;2;7;1;B02
200500055291;0;1;0;0;2;8;15;A01
200500055302;0;1;0;0;2;2;13;A01
200500055303;0;1;0;0;9;3;14;A01
200500055303;0;1;0;0;9;0;2;B02
200500055334;0;1;0;0;2;1;5;B02
200500055340;0;1;0;0;2;1;15;B02
200500055346;0;1;0;0;2;4;2;B02
200500055380;0;1;0;0;2;8;15;B02
200500055397;0;1;0;0;0;0;2;A01
200500055412;0;1;0;0;2;3;1;B02
200500055449;0;1;0;0;2;1;19;B02
200500055450;0;1;0;0;2;1;1;A01
200500055459;0;1;0;0;2;1;2;A01
200500055530;0;1;0;0;2;8;13;B02
200500055564;0;1;0;0;2;4;2;B02
200500055565;0;1;0;0;2;4;1;B02
200500055568;0;1;0;0;9;1;1;B02
200500055617;0;1;0;0;2;1;21;B02
200500055618;0;1;0;0;2;1;1;A01
200500055635;0;1;0;0;2;5;14;B02
200500055672;0;1;0;0;2;1;1;B02
200500055688;0;1;0;1;0;1;1;B02
200500055704;0;1;0;0;0;6;1;B02
200500055793;0;1;0;0;2;1;1;B02
200500055881;0;1;0;0;2;1;1;A01
200500055885;0;1;0;0;2;2;1;A01
200500055894;0;1;0;0;0;8;15;B02
200500055929;0;1;0;0;0;0;1;A01
200500055937;0;1;0;0;2;8;13;A01
200500055940;0;1;0;0;2;8;1;B02
200500055977;0;1;0;0;2;4;2;A01
200500055980;0;1;0;0;2;8;1;B02
200500056082;0;1;0;0;2;0;15;A01
200500056084;0;1;0;0;2;1;0;B02
200500056141;0;1;0;0;2;1;1;A01
200500056233;0;1;0;0;2;1;5;B02
200500056255;0;1;0;0;0;4;1;B02
200500056259;0;1;0;0;2;8;15;A01
200500056271;0;1;0;0;2;1;16;B01
200500056296;0;1;0;0;0;0;21;B01
200500056296;0;1;0;0;0;0;21;C01
200500056346;0;1;0;0;2;1;9;B01
200500056389;0;1;0;0;0;0;2;B01
200500056399;0;1;0;0;2;4;2;A01
200500056412;0;1;0;0;0;0;0;B01
200500056469;0;1;0;0;2;1;5;B01
200500056470;0;1;0;0;2;3;2;A01
200500056484;0;1;0;0;0;0;0;A01
200500056534;0;1;0;0;2;1;15;A01
200500056606;0;1;0;0;2;8;0;B01
200500056619;0;1;0;0;2;7;2;B01
200500056662;0;1;0;0;2;1;1;B01
200500056676;0;1;0;0;1;8;1;A01
200500056682;0;1;0;0;0;1;5;B01
200500056684;0;1;0;0;1;1;5;A01
200500056692;0;1;0;0;2;1;1;A01
200500056710;0;1;0;0;2;1;16;B01
200500056727;0;1;0;1;0;1;1;B01
200500056808;0;1;0;0;2;7;1;A01
200500056821;0;1;0;0;9;7;1;A01
200500056890;0;1;0;0;0;1;5;A01
200500056908;0;1;0;0;2;2;1;B01
200500056923;0;1;0;1;2;3;1;B01
200500056924;0;1;0;0;2;1;1;B01
200500056936;0;1;0;0;2;1;1;B01
200500056936;0;1;0;0;2;1;2;C01
200500056977;0;1;0;0;1;1;1;A01
200500056984;0;1;0;0;2;7;1;B01
200500056986;0;1;0;0;2;7;14;B01
200500056986;0;1;0;0;2;8;21;C01
200500056991;0;1;0;0;2;0;1;B01
200500057047;0;1;0;0;2;0;1;B01
200500057076;0;1;0;14;0;1;1;A01
200500057100;0;1;0;0;2;4;1;B01
200500057126;0;1;0;0;2;1;1;A01
200500057148;0;1;0;0;2;1;19;A01
200500057151;0;1;0;0;2;1;1;B01
200500057152;0;1;0;0;2;1;14;B01
200500057163;0;1;0;0;2;1;1;B01
200500057169;0;1;0;0;2;8;1;B01
200500057170;0;1;0;0;2;8;19;A01
200500057205;0;1;0;0;2;1;2;A01
200500057270;0;1;0;1;0;1;16;A01
200500057279;0;1;0;0;2;1;1;B01
200500057289;0;1;0;0;1;1;1;A01
200500057299;0;1;0;0;2;0;1;B01
200500057302;0;1;0;0;2;7;1;B01
200500057311;0;1;0;0;2;1;1;B01
200500057375;0;1;0;12;2;0;2;A01
200500057420;0;1;0;0;2;1;1;A01
200500057451;0;1;0;0;0;4;2;B01
200500057514;0;1;0;0;2;1;1;A01
200500057541;0;1;0;0;2;1;0;B01
200500057584;0;1;0;0;2;9;1;B01
200500057609;0;1;0;0;1;1;1;A01
200500057614;0;1;0;0;2;1;15;A01
200500057616;0;1;0;0;1;1;0;A01
200500057619;0;1;0;0;2;1;1;A01
200500057623;0;1;0;0;0;3;23;B01
200500057636;0;1;0;0;2;1;1;B01
200500057642;0;1;0;1;0;1;1;A01
200500057646;0;1;0;0;2;4;1;B01
200500057655;0;1;0;0;2;4;1;B01
200500057657;0;1;0;0;2;2;1;B01
200500057660;0;1;0;0;2;2;13;A01
200500057662;0;1;0;0;1;1;1;A01
200500057673;0;1;0;0;2;6;15;B01
200500057683;0;1;0;0;2;1;5;A01
200500057703;0;1;0;0;2;1;16;A01
200500057705;0;1;0;0;2;8;1;B01
200500057707;0;1;0;0;2;2;17;B01
200500057720;0;1;0;0;2;1;1;A01
200500057735;0;1;0;0;2;1;15;B01
200500057741;0;1;0;0;2;8;5;A01
200500057742;0;1;0;0;2;1;15;A01
200500057744;0;1;0;0;2;1;19;B01
200500057754;0;1;0;0;2;1;19;B01
200500057766;0;1;0;0;2;3;2;B01
200500057784;0;1;0;0;2;1;1;B01
200500057792;0;1;0;0;2;4;1;B01
200500057802;0;1;0;0;2;1;16;B01
200500057803;0;1;0;0;2;4;2;B01
200500057810;0;1;0;0;2;1;1;B01
200500057816;0;1;0;0;2;0;15;B01
200500057828;0;1;0;0;1;1;1;A01
200500057834;0;1;0;0;2;0;19;A01
200500057842;0;1;0;0;2;1;21;A01
200500057842;0;1;0;0;2;1;21;B01
200500057849;0;1;0;0;2;1;15;A01
200500057872;0;1;0;0;2;2;1;B01
200500057885;0;1;0;0;2;4;1;B01
200500057894;0;1;0;0;2;0;19;B01
200500057901;0;1;0;0;2;0;0;B01
200500057909;0;1;0;0;2;3;0;B01
200500057933;0;1;0;0;2;0;1;A01
200500057978;0;1;0;0;2;8;9;B01
200500058006;0;1;0;0;2;7;19;B01
200500058009;0;1;0;0;2;1;1;B01
200500058030;0;1;0;0;1;0;1;A01
200500058047;0;1;0;0;2;1;1;A01
200500058069;0;1;0;0;2;1;0;A01
200500058073;0;1;0;0;2;1;0;C01
200500058076;0;1;0;0;2;4;12;A01
200500058121;0;1;0;0;2;8;1;B01