Num_Acc;senc;catv;occutc;obs;obsm;choc;manv;num_veh
200500058131;0;1;0;0;0;0;9;A01
200500058134;0;1;0;0;2;7;1;B01
200500058139;0;1;0;0;2;1;1;B01
200500058145;0;1;0;0;2;2;1;B01
200500058155;0;1;0;0;2;3;1;A01
200500058178;0;1;0;1;2;7;1;B01
200500058190;0;1;0;0;2;1;1;A01
200500058197;0;1;0;0;2;3;1;B01
200500058215;0;1;0;0;2;8;1;B01
200500058220;0;1;0;0;2;1;1;B01
200500058226;0;1;0;0;2;1;1;B01
200500058239;0;1;0;0;2;7;1;A01
200500058242;0;1;0;0;2;4;1;B01
200500058252;0;1;0;0;2;1;19;A01
200500058253;0;1;0;0;1;1;1;A01
200500058256;0;1;0;0;2;1;1;B01
200500058263;0;1;0;0;2;1;1;B01
200500058283;0;1;0;12;0;1;1;A01
200500058285;0;1;0;0;2;7;1;B01
200500058290;0;1;0;1;0;1;21;A01
200500058296;0;1;0;0;2;1;2;A01
200500058317;1;1;0;0;1;1;1;A01
200500058323;0;1;0;0;2;0;15;B01
200500058335;0;1;0;0;2;1;1;A01
200500058337;0;1;0;0;2;1;0;B01
200500058342;0;1;0;0;2;5;1;B01
200500058343;0;1;0;0;2;1;1;B01
200500058345;0;1;0;0;1;1;1;A01
200500058348;0;1;0;0;1;1;0;A01
200500058351;0;1;0;0;2;0;21;B01
200500058352;0;1;0;0;2;1;0;B01
200500058353;0;1;0;0;2;7;1;B01
200500058355;0;1;0;0;0;0;0;A01
200500058369;0;1;0;0;0;0;0;A01
200500058376;0;1;0;0;2;0;1;B01
200500058396;0;1;0;0;2;1;2;A01
200500058397;0;1;0;0;2;8;1;B01
200500058408;0;1;0;0;2;3;15;A01
200500058409;0;1;0;0;2;1;1;B01
200500058414;0;1;0;0;2;8;1;A01
200500058425;0;1;0;0;2;1;1;B01
200500058430;0;1;0;0;0;1;0;A01
200500058430;0;1;0;0;2;1;1;B01
200500058437;0;1;0;0;2;1;19;B01
200500058438;0;1;0;0;2;1;1;B01
200500058439;0;1;0;0;2;1;1;B01
200500058442;0;1;0;0;2;1;19;B01
200500058452;0;1;0;0;2;1;1;A01
200500058453;0;1;0;0;2;1;15;A01
200500058456;0;1;0;1;2;1;1;B01
200500058461;0;1;0;0;0;1;1;B01
200500058464;0;1;0;0;2;1;17;A01
200500058492;0;1;0;0;1;1;1;A01
200500058496;0;1;0;0;2;1;1;B01
200500058498;0;1;0;0;0;4;1;B01
200500058512;0;1;0;0;0;7;1;B01
200500058529;0;1;0;0;2;1;15;B01
200500058548;0;1;0;0;1;1;1;A01
200500058557;0;1;0;0;0;1;1;B01
200500058559;0;1;0;0;2;1;13;A01
200500058582;0;1;0;0;2;1;1;B01
200500058589;0;1;0;0;2;3;1;B01
200500058590;0;1;0;0;2;1;1;B01
200500058592;0;1;0;0;0;0;1;B01
200500058600;0;1;0;0;2;4;0;A01
200500058607;0;1;0;0;2;7;1;B01
200500058609;0;1;0;14;2;4;1;B01
200500058614;0;1;0;0;2;1;1;B01
200500058625;0;1;0;0;2;1;1;B01
200500058655;0;1;0;0;2;0;16;B01
200500058661;0;1;0;0;2;4;0;B01
200500058670;0;1;0;0;2;3;11;A01
200500058684;0;1;0;0;0;0;1;A01
200500058688;1;1;0;0;2;1;1;A01
200500058688;0;1;0;0;2;1;1;B01
200500058690;0;1;0;0;2;1;1;B01
200500058691;0;1;0;0;2;1;19;A01
200500058695;0;1;0;0;2;1;15;A01
200500058697;0;1;0;0;2;1;1;A01
200500058703;0;1;0;0;2;1;1;B01
200500058711;0;1;0;0;2;0;18;A01
200500058737;0;1;0;0;2;1;1;B01
200500058746;0;1;0;0;2;3;1;A01
200500058749;0;1;0;0;2;1;1;A01
200500058755;0;1;0;0;2;8;19;A01
200500058766;0;1;0;0;2;1;13;A01
200500058772;0;1;0;0;2;1;1;B01
200500058786;0;1;0;0;2;4;18;B01
200500058788;0;1;0;0;1;7;1;A01
200500058803;0;1;0;0;2;1;1;B01
200500058804;0;1;0;0;2;1;1;A01
200500058810;0;1;0;0;2;8;1;B01
200500058812;0;1;0;8;0;1;13;A01
200500058814;0;1;0;0;1;3;15;B01
200500058828;0;1;0;0;2;1;1;A01
200500058828;0;1;0;0;0;1;1;B01
200500058848;0;1;0;0;2;1;7;A01
200500058852;0;1;0;0;2;1;1;B01
200500058853;0;1;0;0;2;1;0;B01
200500058861;0;1;0;0;2;8;13;A01
200500058862;0;1;0;0;2;8;1;A01
200500058872;0;1;0;0;2;1;15;B01
200500058885;0;1;0;1;0;1;1;A01
200500058886;0;1;0;0;0;0;1;A01
200500058888;0;1;0;0;0;3;1;A01
200500058889;0;1;0;0;2;8;1;B01
200500058899;0;1;0;0;0;0;1;A01
200500058911;0;1;0;1;0;1;17;B01
200500058939;0;1;0;0;2;1;1;B01
200500058982;0;1;0;0;2;1;9;A01
200500058986;0;1;0;0;2;0;1;A01
200500058990;0;1;0;0;2;3;15;A01
200500058998;0;1;0;0;2;1;1;B01
200500059010;0;1;0;0;2;4;1;C01
200500059013;0;1;0;0;2;1;19;A01
200500059015;0;1;0;0;2;0;1;B01
200500059018;0;1;0;0;2;1;15;A01
200500059025;0;1;0;0;1;1;1;A01
200500059051;0;1;0;0;2;1;1;B01
200500059057;0;1;0;0;2;6;1;B01
200500059062;0;1;0;0;2;1;1;B01
200500059064;0;1;0;0;2;1;1;A01
200500059067;0;1;0;0;2;1;16;B01
200500059068;0;1;0;0;2;8;1;B01
200500059075;0;1;0;12;2;0;13;A01
200500059077;0;1;0;0;2;8;13;A01
200500059078;0;1;0;0;2;8;13;A01
200500059093;0;1;0;0;0;1;19;B01
200500059095;0;1;0;0;2;4;1;B01
200500059117;0;1;0;0;2;7;23;B01
200500059118;0;1;0;0;2;1;1;B01
200500059174;0;1;0;0;9;1;5;B01
200500059179;0;1;0;0;2;8;1;B01
200500059183;0;1;0;0;2;4;2;B01
200500059196;0;1;0;0;2;1;16;B01
200500059209;0;1;0;0;2;8;19;A01
200500059213;0;1;0;0;1;1;1;A01
200500059223;0;1;0;0;2;1;10;B01
200500059226;0;1;0;0;2;3;1;B01
200500059233;0;1;0;0;2;1;1;A01
200500059245;0;1;0;0;2;8;1;B01
200500059247;0;1;0;0;0;7;1;B01
200500059256;0;1;0;0;2;1;1;A01
200500059264;0;1;0;0;2;1;19;A01
200500059313;0;1;0;1;0;3;1;B01
200500059342;0;1;0;0;2;0;5;A01
200500059349;0;1;0;0;2;8;1;B01
200500059353;0;1;0;0;2;1;1;B01
200500059356;0;1;0;0;2;1;14;A01
200500059374;0;1;0;0;2;1;1;B01
200500059393;0;1;0;0;2;1;1;B01
200500059394;0;1;0;0;0;4;1;B01
200500059409;0;1;0;0;2;1;1;A01
200500059416;0;1;0;0;2;1;21;A01
200500059420;0;1;0;0;2;1;5;B01
200500059426;0;1;0;0;2;1;1;B01
200500059431;0;1;0;0;2;1;1;B01
200500059432;0;1;0;0;2;0;9;B01
200500059433;0;1;0;0;2;1;5;A01
200500059449;0;1;0;0;2;1;1;A01
200500059458;0;1;0;0;1;1;5;A01
200500059461;0;1;0;0;2;7;15;A01
200500059467;0;1;0;0;2;1;1;B01
200500059468;0;1;0;0;2;1;1;B01
200500059470;0;1;0;0;2;8;1;A01
200500059473;0;1;0;0;2;1;1;B01
200500059475;0;1;0;0;2;2;1;B01
200500059482;0;1;0;0;2;8;1;B01
200500059490;0;1;0;0;2;8;2;B01
200500059497;0;1;0;0;1;1;0;A01
200500059502;0;1;0;1;0;1;1;B01
200500059538;0;1;0;0;2;1;1;B01
200500059540;0;1;0;0;2;1;1;B01
200500059543;0;1;0;0;2;3;19;B01
200500059547;0;1;0;0;2;1;1;B01
200500059568;0;1;0;1;0;2;1;A01
200500059573;0;1;0;0;2;1;1;A01
200500059586;0;1;0;0;0;3;1;B01
200500059598;0;1;0;0;2;2;1;B01
200500059635;0;1;0;0;1;1;9;A01
200500059648;0;1;0;0;0;8;1;B01
200500059660;0;1;0;0;2;1;1;B01
200500059679;0;1;0;0;2;3;1;B01
200500059685;0;1;0;0;2;6;19;B01
200500059688;0;1;0;0;0;1;19;A01
200500059691;0;1;0;0;2;1;1;B01
200500059694;0;1;0;0;2;6;19;A01
200500059695;0;1;0;0;2;2;19;A01
200500059724;0;1;0;0;2;1;1;B01
200500059740;0;1;0;0;2;1;1;A01
200500059740;0;1;0;0;2;4;1;B01
200500059740;0;1;0;0;2;4;1;C01
200500059740;0;1;0;0;2;4;1;D01
200500059740;0;1;0;0;2;4;1;E01
200500059758;0;1;0;0;2;5;1;A01
200500059764;0;1;0;0;1;1;1;A01
200500059780;0;1;0;0;2;6;11;A01
200500059783;0;1;0;0;2;1;1;B01
200500059794;0;1;0;0;2;3;19;B01
200500059796;0;1;0;0;2;4;21;A01
200500059803;0;1;0;0;2;1;1;B01
200500059804;0;1;0;0;2;1;17;A01
200500059817;0;1;0;0;2;1;1;A01
200500059831;0;1;0;0;2;1;1;B01
200500059847;0;1;0;0;2;1;7;B01
200500059849;0;1;0;0;2;1;1;A01
200500059857;0;1;0;0;2;2;1;A01
200500059858;0;1;0;0;2;3;1;B01
200500059864;0;1;0;0;0;2;21;A01
200500059865;0;1;0;0;2;1;1;B01
200500059866;0;1;0;0;2;2;19;B01
200500059897;0;1;0;0;2;2;1;B01
200500059898;0;1;0;0;0;2;15;A01
200500059918;0;1;0;0;2;3;1;B01
200500059925;0;1;0;0;2;1;1;B01
200500059933;0;1;0;0;2;3;1;B01
200500059970;0;1;0;0;2;1;1;B01
200500059982;0;1;0;0;2;3;1;B01
200500059983;0;1;0;0;2;1;1;A01
200500059983;0;1;0;0;2;4;1;B01
200500059985;0;1;0;0;2;4;1;B01
200500059988;0;1;0;0;2;1;1;A01
200500059995;0;1;0;0;2;3;19;A01
200500060009;0;1;0;14;0;1;1;A01
200500060011;0;1;0;0;2;3;10;A01
200500060014;0;1;0;0;2;3;19;A01
200500060037;0;1;0;0;2;2;15;A01
200500060043;0;1;0;0;2;1;7;B01
200500060045;0;1;0;0;2;3;1;B01
200500060058;0;1;0;0;2;1;1;A01
200500060060;0;1;0;0;2;1;1;B01
200500060063;0;1;0;0;2;3;19;A01
200500060066;0;1;0;0;2;5;1;B01
200500060073;0;1;0;0;2;1;1;A01
200500060086;0;1;0;0;2;4;1;B01
200500060125;0;1;0;0;2;1;1;A01
200500060156;0;1;0;1;2;3;9;A01
200500060159;0;1;0;0;2;1;15;B01
200500060159;0;1;0;0;2;1;1;A01
200500060164;0;1;0;0;2;1;1;B01
200500060172;0;1;0;0;2;4;1;B01
200500060180;0;1;0;12;0;1;21;A01
200500060191;0;1;0;0;2;3;1;B01
200500060231;0;1;0;0;2;1;1;B01
200500060263;0;1;0;0;2;3;16;B01
200500060300;0;1;0;0;2;4;1;B01
200500060308;0;1;0;0;2;3;13;A01
200500060351;0;1;0;0;2;8;19;A01
200500060352;0;1;0;0;2;1;9;A01
200500060362;0;1;0;0;2;7;15;A01
200500060414;0;1;0;0;2;6;2;B01
200500060420;0;1;0;0;2;3;15;B01
200500060421;0;1;0;0;0;1;13;A01
200500060441;0;1;0;0;2;7;1;A01
200500060455;0;1;0;0;0;4;1;B01
200500060457;0;1;0;0;2;8;19;B01
200500060474;0;1;0;0;2;1;19;A01
200500060476;0;1;0;0;2;8;19;B01
200500060486;0;1;0;0;0;4;2;B01
200500060497;0;1;0;0;0;8;1;B01
200500060507;0;1;0;0;0;8;15;B01
200500060509;0;1;0;0;0;0;0;A01
200500060510;0;1;0;0;1;0;1;A01
200500060515;0;1;0;0;2;1;19;B01
200500060518;0;1;0;0;0;0;0;B01
200500060520;0;1;0;0;2;4;19;A01
200500060522;0;1;0;0;2;8;2;B01
200500060542;0;1;0;0;2;4;1;B01
200500060549;0;1;0;0;2;1;1;B01
200500060581;0;1;0;0;2;1;1;B01
200500060593;0;1;0;0;2;1;1;B01
200500060596;0;1;0;0;2;1;1;A01
200500060598;0;1;0;0;2;1;1;B01
200500060608;0;1;0;0;0;1;1;B01
200500060618;0;1;0;0;2;2;1;A01
200500060622;0;1;0;0;2;1;1;B01
200500060624;0;1;0;0;2;4;1;B01
200500060625;0;1;0;0;2;1;1;B01
200500060629;0;1;0;0;2;1;5;A01
200500060641;0;1;0;0;2;4;1;A01
200500060647;0;1;0;0;2;1;1;B01
200500060670;0;1;0;0;2;1;19;A01
200500060717;0;1;0;0;2;1;16;B01
200500060733;0;1;0;0;2;1;5;B01
200500060738;0;1;0;0;2;1;17;B01
200500060740;0;1;0;0;2;1;1;B01
200500060751;0;1;0;0;2;1;5;A01
200500060776;0;1;0;0;2;1;1;B01
200500060805;0;1;0;0;2;1;1;B01
200500060811;0;1;0;0;9;4;2;B01
200500060811;0;1;0;0;0;4;2;C01
200500060812;0;1;0;0;2;5;15;A01
200500060826;0;1;0;0;2;1;1;B01
200500060831;0;1;0;0;2;1;2;B01
200500060833;0;1;0;0;2;1;1;B01
200500060838;0;1;0;0;2;8;1;B01
200500060844;0;1;0;0;2;8;1;B01
200500060885;0;1;0;0;0;0;15;A01
200500060916;0;1;0;0;2;4;1;B01
200500060917;0;1;0;0;2;1;11;A01
200500060920;0;1;0;12;0;4;2;B01
200500060925;0;1;0;0;2;1;2;A01
200500060926;0;1;0;0;2;1;14;B01
200500060931;0;1;0;0;2;3;15;B01
200500060968;0;1;0;0;0;0;1;A01
200500060970;0;1;0;0;2;1;15;B01
200500060982;0;1;0;0;2;2;19;B01
200500061005;0;1;0;0;2;0;19;A01
200500061006;0;1;0;0;2;4;1;B01
200500061036;0;1;0;0;2;1;1;A01
200500061047;0;1;0;0;2;8;2;B01
200500061066;0;1;0;0;2;8;1;C01
200500061080;0;1;0;0;9;8;19;B01
200500061129;0;1;0;0;2;4;2;B01
200500061134;0;1;0;0;2;1;15;A01
200500061148;0;1;0;0;2;0;1;A01
200500061160;0;1;0;0;2;1;1;B01
200500061164;0;1;0;1;0;2;0;B01
200500061203;0;1;0;8;0;3;18;B01
200500061237;0;1;0;0;2;8;0;B01
200500061270;0;1;0;0;2;1;12;A01
200500061272;0;1;0;1;0;1;1;B01
200500061279;0;1;0;1;9;1;0;B01
200500061357;0;1;0;0;2;1;5;B01
200500061375;0;1;0;0;0;4;0;B01
200500061377;0;1;0;0;2;1;19;A01
200500061378;0;1;0;0;2;6;1;B01
200500061386;0;1;0;0;2;3;2;B01
200500061392;0;1;0;1;0;1;0;B01
200500061454;0;1;0;0;0;6;1;B01
200500061471;0;1;0;0;9;4;2;B01
200500061538;0;1;0;0;2;3;1;B01
200500061544;0;1;0;0;2;2;19;B01
200500061548;0;1;0;0;2;0;5;A01
200500061553;0;1;0;0;2;1;1;B01
200500061569;0;1;0;0;2;7;1;B01
200500061575;1;1;0;0;1;1;0;A01
200500061591;0;1;0;1;0;7;1;A01
200500061615;0;1;0;0;2;7;11;B01
200500061619;0;1;0;0;2;7;16;B01
200500061626;0;1;0;0;2;1;1;B01
200500061630;0;1;0;0;2;1;12;B01
200500061649;0;1;0;0;2;1;2;B01
200500061650;0;1;0;0;2;1;1;B01
200500061885;0;1;0;0;2;1;1;A01
200500061892;0;1;0;0;2;0;1;B01
200500061894;0;1;0;0;0;8;1;B01
200500061955;0;1;0;0;2;2;0;B01
200500061961;0;1;0;0;2;1;16;A01
200500061970;0;1;0;0;2;8;19;B01
200500062030;0;1;0;0;2;1;18;B01
200500062038;0;1;0;1;0;1;1;B01
200500062043;0;1;0;0;2;3;3;B01
200500062145;0;1;0;0;0;0;1;A01
200500062154;0;1;0;0;0;0;0;B01
200500062156;0;1;0;0;2;1;1;A01
200500062159;0;1;0;0;2;1;1;B01
200500062166;0;1;0;0;2;4;2;B01
200500062177;0;1;0;0;2;9;2;B01
200500062184;0;1;0;0;2;1;0;A01
200500062191;0;1;0;0;2;4;1;B01
200500062192;0;1;0;0;2;0;1;B01
200500062200;0;1;0;0;2;0;9;B01
200500062238;0;1;0;0;2;8;9;A01
200500062258;0;1;0;0;2;4;0;A01
200500062259;0;1;0;0;2;1;5;B01
200500062279;0;1;0;0;2;1;15;A01
200500062434;0;1;0;0;2;4;2;B02
200500062436;0;1;0;0;0;4;2;B02
200500062443;0;1;0;0;2;3;1;A01
200500062446;0;1;0;0;0;6;19;B02
200500062490;0;1;0;0;2;1;1;A01
200500062492;0;1;0;0;0;0;0;B02
200500062497;0;1;0;0;2;2;0;B02
200500062523;0;1;0;0;2;1;1;A01
200500062551;0;1;0;0;2;1;19;B02
200500062577;0;1;0;0;2;7;1;B02
200500062578;0;1;0;0;0;0;2;B02
200500062588;0;1;0;0;0;4;1;B02
200500062615;0;1;0;0;2;8;1;B02
200500062615;0;1;0;0;2;1;1;C03
200500062624;0;1;0;0;2;1;21;B02
200500062639;0;1;0;0;0;4;0;B02
200500062649;0;1;0;0;2;1;1;B02
200500062652;0;1;0;0;0;4;23;B02
200500062660;0;1;0;0;1;1;21;A01
200500062683;0;1;0;0;2;6;13;B02
200500062692;0;1;0;0;2;8;15;B02
200500062731;0;1;0;0;2;4;2;B02
200500062752;0;1;0;0;0;4;2;A01
200500062761;0;1;0;0;0;4;1;B02
200500062784;0;1;0;0;2;8;1;B02
200500062815;0;1;0;8;0;1;1;A01
200500062825;0;1;0;0;0;7;1;B02
200500062834;0;1;0;0;0;4;0;B02
200500062848;0;1;0;0;2;2;1;B02
200500062858;0;1;0;0;0;1;0;B02
200500062860;0;1;0;0;2;1;1;B02
200500062912;0;1;0;0;2;7;1;B02
200500062930;0;1;0;0;1;1;1;A01
200500062938;0;1;0;0;2;4;1;B02
200500062955;0;1;0;0;0;1;1;A01
200500062979;0;1;0;0;2;8;1;B02
200500063026;0;1;0;0;0;1;0;A01
200500063066;0;1;0;0;2;3;15;B02
200500063075;0;1;0;0;2;1;3;C03
200500063079;0;1;0;0;2;1;1;B02
200500063079;0;1;0;0;2;1;1;C03
200500063079;0;1;0;0;2;1;0;D04
200500063169;0;1;0;0;2;1;15;A01
200500063173;0;1;0;0;2;4;2;B02
200500063177;0;1;0;16;0;0;13;A01
200500063191;0;1;0;0;2;4;13;B02
200500063209;0;1;0;12;2;4;1;B02
200500063277;0;1;0;0;2;1;15;B02
200500063338;0;1;0;0;0;1;1;B02
200500063385;0;1;0;0;2;8;1;B02
200500063428;0;1;0;0;5;0;1;B02
200500063470;0;1;0;8;0;1;1;A01
200500063491;0;1;0;0;2;8;1;B02
200500063498;0;1;0;0;0;3;1;A01
200500063512;0;1;0;0;2;1;1;B02
200500063531;0;1;0;0;2;1;16;B02
200500063535;0;1;0;0;2;4;1;A01
200500063588;0;1;0;0;2;4;2;A01
200500063595;0;1;0;0;2;4;1;B02
200500063618;0;1;0;0;2;1;13;B02
200500063618;0;1;0;0;0;0;1;C03
200500063624;0;1;0;0;2;1;13;B02
200500063643;0;1;0;0;2;5;2;A01
200500063670;0;1;0;0;2;1;1;B02
200500063677;0;1;0;0;0;4;1;A01
200500063696;0;1;0;0;2;1;19;A01
200500063704;0;1;0;0;2;1;19;B02
200500063728;0;1;0;0;2;1;2;A01
200500063730;0;1;0;0;0;1;13;B02
200500063735;0;1;0;0;2;1;1;B02
200500063737;0;1;0;0;2;1;1;B02
200500063747;0;1;0;0;2;8;1;B02
200500063748;0;1;0;0;0;0;16;B02
200500063757;0;1;0;0;0;1;0;C03
200500063807;0;1;0;0;2;1;19;B02
200500063809;0;1;0;0;2;3;19;A01
200500063815;0;1;0;0;2;8;16;B02
200500063839;0;1;0;0;2;4;13;A01
200500063935;0;1;0;0;2;8;15;B02
200500063958;0;1;0;0;2;1;1;B02
200500063966;0;1;0;0;0;4;2;A01
200500064053;0;1;0;0;2;1;15;B02
200500064056;0;1;0;0;2;0;2;A01
200500064060;0;1;0;0;2;0;0;A01
200500064073;0;1;0;0;0;1;1;B02
200500064078;0;1;0;0;0;7;0;B02
200500064089;0;1;0;0;2;8;19;B02
200500064103;0;1;0;0;0;3;21;A01
200500064148;0;1;0;0;2;7;16;B02
200500064162;0;1;0;0;2;1;1;A01
200500064175;0;1;0;0;2;3;15;B02
200500064233;0;1;0;0;2;1;1;B02
200500064233;0;1;0;0;2;1;1;C03
200500064247;0;1;0;0;2;1;5;B02
200500064257;0;1;0;0;0;4;2;B02
200500064294;0;1;0;0;2;8;1;B02
200500064295;0;1;0;0;2;1;9;A01
200500064307;0;1;0;0;2;8;15;B02
200500064379;0;1;0;0;2;1;1;B02
200500064409;0;1;0;0;2;1;19;A01
200500064414;0;1;0;0;0;4;1;B02
200500064436;0;1;0;0;0;1;1;B02
200500064439;0;1;0;0;0;8;19;B02
200500064635;0;1;0;0;0;4;2;B02
200500064687;0;1;0;0;0;1;1;B02
200500064704;0;1;0;0;2;4;13;B02
200500064721;0;1;0;0;0;0;1;A01
200500064726;0;1;0;0;2;2;1;B01
200500064730;0;1;0;0;2;7;1;B01
200500064766;0;1;0;0;2;1;19;B01
200500064777;0;1;0;0;2;8;1;B01
200500064782;0;1;0;0;1;1;0;A01
200500064789;0;1;0;0;1;7;0;A01
200500064812;0;1;0;0;2;0;1;B01
200500064817;0;1;0;0;2;8;1;A01
200500064826;0;1;0;0;2;1;13;B01
200500064831;0;1;0;0;1;1;1;A01
200500064839;0;1;0;0;0;2;16;A01
200500064842;0;1;0;0;2;7;15;A01
200500064883;0;1;0;0;1;1;1;A01
200500064923;0;1;0;1;0;1;1;B01
200500064924;0;1;0;0;2;1;19;B01
200500064925;0;1;0;0;1;1;12;A01
200500064930;0;1;0;0;0;1;1;A01
200500064966;0;1;0;0;2;4;1;A01
200500064972;0;1;0;0;2;1;17;B01
200500064998;0;1;0;0;2;1;2;A01
200500065005;0;1;0;0;2;0;0;A01
200500065012;0;1;0;0;2;5;19;A01
200500065031;0;1;0;0;2;1;1;A01
200500065048;0;1;0;0;2;8;1;B01
200500065050;0;1;0;0;2;1;1;B01
200500065059;0;1;0;0;2;7;15;A01
200500065067;0;1;0;0;0;4;1;B01
200500065074;0;1;0;0;2;8;19;A01
200500065089;0;1;0;0;2;7;5;A01
200500065091;0;1;0;0;2;1;1;B01
200500065107;0;1;0;0;2;4;2;B01
200500065113;0;1;0;0;2;1;1;C01
200500065115;0;1;0;1;0;2;1;B01
200500065142;0;1;0;0;0;4;1;B01
200500065187;0;1;0;0;2;3;0;A01
200500065213;0;1;0;0;2;1;1;A01
200500065214;0;1;0;0;2;4;2;B01
200500065238;0;1;0;16;0;0;1;A01
200500065242;0;1;0;0;0;0;0;A01
200500065302;0;1;0;0;0;0;1;A01
200500065313;0;1;0;0;2;4;2;B01
200500065359;0;1;0;0;2;1;5;A01
200500065364;0;1;0;0;2;1;19;A01
200500065418;0;1;0;0;2;1;1;B01
200500065419;0;1;0;0;0;0;23;B01
200500065441;0;1;0;0;2;1;1;B01
200500065488;0;1;0;0;2;3;19;B01
200500065489;0;1;0;0;2;1;1;A01
200500065489;0;1;0;0;2;1;1;B01
200500065496;0;1;0;1;0;1;18;A01
200500065499;0;1;0;0;2;3;1;B01
200500065501;0;1;0;0;2;2;15;B01
200500065504;0;1;0;0;2;1;5;A01
200500065514;0;1;0;0;2;1;0;B01
200500065531;0;1;0;0;2;7;1;B01
200500065568;0;1;0;0;2;1;2;A01
200500065598;0;1;0;0;2;1;19;A01
200500065606;0;1;0;0;2;1;19;A01
200500065622;0;1;0;0;2;3;15;B01
200500065623;0;1;0;0;2;1;1;B01
200500065631;0;1;0;0;2;8;16;B01
200500065633;0;1;0;0;2;1;1;B01
200500065634;0;1;0;0;1;1;1;A01
200500065691;0;1;0;1;0;1;1;A01
200500065695;0;1;0;0;2;1;1;A01
200500065703;0;1;0;0;2;1;1;B01
200500065706;0;1;0;0;2;8;2;B01
200500065708;0;1;0;0;0;1;1;B01
200500065721;0;1;0;0;0;0;2;B01
200500065723;0;1;0;0;2;7;19;B01
200500065728;0;1;0;0;2;1;1;B01
200500065734;0;1;0;0;2;3;1;B01
200500065742;0;1;0;0;2;1;16;A01
200500065820;0;1;0;0;2;1;15;A01
200500065822;0;1;0;0;2;8;1;B01
200500065850;0;1;0;0;2;1;5;A01
200500065853;0;1;0;0;2;1;1;B01
200500065858;0;1;0;0;2;1;0;A01
200500065872;0;1;0;0;2;1;13;A01
200500065881;0;1;0;0;2;1;1;A01
200500065887;0;1;0;0;2;8;13;B01
200500065899;0;1;0;0;2;0;1;B01
200500065959;0;1;0;0;2;0;7;A01
200500065960;0;1;0;0;2;1;1;B01
200500065981;0;1;0;0;2;1;5;A01
200500065988;0;1;0;0;0;1;1;B01
200500065990;0;1;0;0;0;0;2;B01
200500066009;0;1;0;0;2;8;1;B01
200500066022;0;1;0;0;2;4;0;B01
200500066027;0;1;0;0;2;0;1;B01
200500066035;0;1;0;0;2;7;1;B01
200500066036;0;1;0;0;2;5;1;B01
200500066037;0;1;0;0;2;1;16;A01
200500066048;0;1;0;0;2;4;2;B01
200500066049;0;1;0;0;2;1;1;B01
200500066052;0;1;0;0;2;1;1;B01
200500066060;0;1;0;0;2;1;1;B01
200500066060;0;1;0;0;2;0;1;C01
200500066067;0;1;0;0;2;1;1;B01
200500066069;0;1;0;0;2;1;1;A01
200500066072;0;1;0;0;2;1;1;A01
200500066072;0;1;0;0;2;1;1;B01
200500066089;0;1;0;0;2;7;1;B01
200500066107;0;1;0;0;2;0;0;B01
200500066109;0;1;0;0;2;0;1;B01