Num_Acc;senc;catv;occutc;obs;obsm;choc;manv;num_veh
200500066135;0;1;0;0;2;1;1;B01
200500066143;0;1;0;0;2;4;2;B01
200500066166;0;1;0;0;2;1;1;B01
200500066170;0;1;0;0;2;1;0;B01
200500066172;0;1;0;0;2;4;0;B01
200500066204;1;1;0;0;1;1;1;A01
200500066217;0;1;0;0;0;1;1;B01
200500066254;0;1;0;0;1;1;0;A01
200500066259;0;1;0;0;2;4;0;B01
200500066261;0;1;0;0;2;1;1;B01
200500066279;0;1;0;0;2;2;1;A01
200500066282;0;1;0;0;2;9;0;B01
200500066284;0;1;0;0;2;7;15;B01
200500066286;0;1;0;1;0;0;0;A01
200500066291;0;1;0;0;2;0;0;B01
200500066293;0;1;0;0;2;1;2;A01
200500066305;0;1;0;0;2;1;1;A01
200500066307;0;1;0;0;2;1;9;A01
200500066308;0;1;0;0;2;7;1;B01
200500066311;0;1;0;0;0;2;1;B01
200500066337;0;1;0;0;2;7;1;B01
200500066340;0;1;0;0;2;1;5;A01
200500066352;0;1;0;0;2;3;19;A01
200500066361;0;1;0;0;2;1;1;B01
200500066362;0;1;0;0;2;3;1;B01
200500066366;0;1;0;0;2;1;2;B01
200500066367;0;1;0;0;2;1;1;B01
200500066369;0;1;0;0;2;1;1;B01
200500066371;0;1;0;0;2;1;21;A01
200500066371;0;1;0;0;2;1;1;B01
200500066372;0;1;0;0;2;1;17;B01
200500066383;0;1;0;0;2;0;1;A01
200500066398;0;1;0;0;2;1;19;A01
200500066404;0;1;0;0;1;1;1;A01
200500066413;0;1;0;0;2;1;0;A01
200500066434;0;1;0;0;2;3;1;B01
200500066448;0;1;0;0;2;1;1;B01
200500066460;0;1;0;0;2;2;19;A01
200500066484;0;1;0;4;2;8;1;B01
200500066494;0;1;0;0;2;7;15;A01
200500066500;0;1;0;0;0;1;15;A01
200500066501;0;1;0;0;0;1;2;A01
200500066506;0;1;0;0;2;4;15;B01
200500066512;0;1;0;0;2;1;1;B01
200500066520;0;1;0;0;2;1;15;B01
200500066521;0;1;0;0;2;1;19;A01
200500066529;0;1;0;0;2;1;15;A01
200500066569;0;1;0;0;2;1;19;A01
200500066582;0;1;0;0;2;1;1;B01
200500066587;0;1;0;0;2;1;19;A01
200500066599;0;1;0;0;2;0;0;B01
200500066606;0;1;0;0;2;0;0;A01
200500066627;0;1;0;0;9;1;2;B01
200500066634;0;1;0;0;2;1;1;B01
200500066637;0;1;0;0;2;7;1;A01
200500066637;0;1;0;0;2;8;1;B01
200500066638;0;1;0;0;2;0;1;A01
200500066642;0;1;0;0;2;1;1;B01
200500066660;0;1;0;0;0;0;1;A01
200500066703;0;1;0;0;2;8;9;A01
200500066722;0;1;0;0;1;1;1;A01
200500066726;0;1;0;0;2;4;1;B01
200500066737;0;1;0;0;2;1;2;B01
200500066740;0;1;0;0;2;0;5;A01
200500066743;0;1;0;0;2;1;1;B01
200500066758;0;1;0;0;2;8;19;A01
200500066766;0;1;0;0;2;1;2;B01
200500066772;0;1;0;0;2;1;19;A01
200500066814;0;1;0;0;2;1;7;A01
200500066815;0;1;0;0;2;1;1;B01
200500066816;0;1;0;0;2;1;1;B01
200500066828;0;1;0;0;2;0;1;B01
200500066834;0;1;0;0;2;8;1;B01
200500066846;0;1;0;1;2;1;9;B01
200500066848;0;1;0;0;2;1;1;B01
200500066851;0;1;0;0;2;1;1;B01
200500066856;0;1;0;0;2;8;1;B01
200500066859;0;1;0;0;2;5;1;B01
200500066864;0;1;0;0;0;0;0;A01
200500066867;0;1;0;0;0;0;0;A01
200500066873;0;1;0;1;0;2;1;B01
200500066887;0;1;0;0;2;4;1;B01
200500066891;0;1;0;0;2;8;19;A01
200500066905;0;1;0;0;2;3;11;A01
200500066908;0;1;0;0;2;1;1;B01
200500066966;0;1;0;0;1;0;1;A01
200500066968;0;1;0;1;0;1;1;B01
200500066973;0;1;0;0;2;2;15;B01
200500066986;0;1;0;0;0;4;1;B01
200500066990;0;1;0;0;0;0;1;B01
200500066990;0;1;0;0;0;1;1;C01
200500066993;0;1;0;0;0;4;1;B01
200500066995;0;1;0;0;2;1;11;A01
200500067016;0;1;0;0;2;0;2;B01
200500067019;0;1;0;0;0;4;15;A01
200500067039;0;1;0;0;2;3;1;A01
200500067050;0;1;0;0;2;1;1;A01
200500067056;0;1;0;0;2;1;1;B01
200500067067;0;1;0;0;2;4;19;A01
200500067100;0;1;0;0;2;0;1;B01
200500067108;0;1;0;1;2;0;9;B01
200500067109;0;1;0;0;2;0;15;B01
200500067114;0;1;0;0;2;0;1;B01
200500067120;0;1;0;0;2;0;18;B01
200500067123;0;1;0;0;2;1;1;A01
200500067133;0;1;0;0;2;8;19;B01
200500067152;0;1;0;0;2;1;15;A01
200500067163;0;1;0;0;2;5;1;A01
200500067176;0;1;0;0;2;1;15;A01
200500067190;0;1;0;0;2;1;19;A01
200500067205;0;1;0;13;0;1;21;B01
200500067206;0;1;0;0;2;1;1;B01
200500067223;0;1;0;0;2;7;15;A01
200500067225;0;1;0;0;2;3;15;A01
200500067229;0;1;0;0;2;3;1;B01
200500067238;0;1;0;0;2;1;1;B01
200500067271;0;1;0;0;2;1;1;B01
200500067278;0;1;0;0;0;0;0;A01
200500067313;0;1;0;0;2;5;1;B01
200500067338;0;1;0;0;2;3;1;B01
200500067339;0;1;0;0;2;4;17;B01
200500067372;0;1;0;0;2;8;1;A01
200500067375;0;1;0;0;2;1;2;A01
200500067389;0;1;0;0;2;1;1;A01
200500067394;0;1;0;0;0;5;1;B01
200500067402;0;1;0;0;2;1;5;A01
200500067404;0;1;0;0;0;5;1;B01
200500067405;0;1;0;0;2;7;1;B01
200500067422;0;1;0;0;2;5;5;B01
200500067429;0;1;0;0;2;5;19;A01
200500067434;0;1;0;0;2;1;16;A01
200500067435;0;1;0;0;2;1;1;B01
200500067443;0;1;0;0;2;1;19;B01
200500067444;0;1;0;0;2;8;11;B01
200500067454;0;1;0;0;2;1;5;B01
200500067457;0;1;0;0;2;4;15;B01
200500067458;0;1;0;0;2;8;2;B01
200500067462;0;1;0;0;2;2;1;A01
200500067464;0;1;0;1;0;1;1;B01
200500067465;0;1;0;0;2;1;1;A01
200500067470;0;1;0;0;2;4;19;A01
200500067471;0;1;0;0;2;1;19;B01
200500067473;0;1;0;0;2;1;1;B01
200500067477;0;1;0;0;2;1;9;B01
200500067479;0;1;0;0;2;1;5;B01
200500067487;0;1;0;1;0;7;1;B01
200500067488;0;1;0;0;2;1;1;B01
200500067492;0;1;0;0;2;1;1;B01
200500067495;0;1;0;0;2;1;1;B01
200500067497;0;1;0;1;0;1;1;B01
200500067499;0;1;0;0;2;1;1;B01
200500067505;0;1;0;0;1;0;0;A01
200500067510;0;1;0;0;0;0;1;B01
200500067569;0;1;0;0;2;4;9;V01
200500067576;0;1;0;0;2;1;0;A01
200500067582;0;1;0;0;1;7;1;A01
200500067587;0;1;0;0;2;1;0;A01
200500067598;0;1;0;0;2;4;9;A01
200500067623;0;1;0;0;1;7;1;A01
200500067629;0;1;0;0;0;8;1;B01
200500067637;0;1;0;0;1;1;1;A01
200500067640;0;1;0;0;2;8;9;A01
200500067646;0;1;0;0;9;8;16;A01
200500067646;0;1;0;0;9;1;15;B01
200500067647;0;1;0;0;2;7;1;B01
200500067651;0;1;0;0;2;1;1;B01
200500067658;0;1;0;0;2;1;2;A01
200500067659;0;1;0;0;0;1;1;B01
200500067663;0;1;0;0;2;0;9;A01
200500067694;0;1;0;0;2;6;1;B01
200500067699;0;1;0;0;2;2;1;B01
200500067707;0;1;0;0;2;4;19;A01
200500067708;0;1;0;0;2;1;17;B01
200500067754;0;1;0;0;2;2;1;B01
200500067769;0;1;0;0;2;1;1;B01
200500067777;0;1;0;0;2;4;1;B01
200500067779;0;1;0;0;2;1;7;B01
200500067791;0;1;0;0;2;1;1;A01
200500067804;0;1;0;0;0;2;1;A01
200500067805;0;1;0;0;1;1;5;A01
200500067806;0;1;0;14;2;2;17;A01
200500067807;0;1;0;0;2;1;1;B01
200500067810;0;1;0;0;1;1;1;A01
200500067816;0;1;0;0;2;4;1;B01
200500067831;0;1;0;0;2;3;18;A01
200500067837;0;1;0;0;2;1;5;A01
200500067837;0;1;0;0;2;1;1;B01
200500067849;0;1;0;0;2;8;1;B01
200500067855;0;1;0;0;2;1;5;A01
200500067865;0;1;0;0;2;2;19;A01
200500067881;0;1;0;0;2;3;18;A01
200500067881;0;1;0;0;2;2;1;B01
200500067899;0;1;0;0;2;2;1;B01
200500067903;0;1;0;0;2;2;7;B01
200500067907;0;1;0;0;2;2;1;A01
200500067928;0;1;0;0;1;1;5;A01
200500067935;0;1;0;0;2;6;15;B01
200500067944;0;1;0;0;2;3;15;A01
200500067945;0;1;0;0;1;1;5;A01
200500067962;0;1;0;0;2;1;1;B01
200500067990;0;1;0;0;2;2;1;B01
200500068001;0;1;0;0;2;4;7;B01
200500068019;0;1;0;0;2;3;1;B01
200500068059;0;1;0;0;1;1;1;A01
200500068060;0;1;0;0;2;1;1;B01
200500068079;0;1;0;0;2;1;1;B01
200500068126;0;1;0;0;2;1;7;B01
200500068156;0;1;0;0;1;1;1;A01
200500068166;0;1;0;0;2;3;1;B01
200500068183;0;1;0;0;0;2;1;A01
200500068200;0;1;0;0;2;2;11;A01
200500068201;0;1;0;0;2;1;1;A01
200500068207;0;1;0;0;2;3;1;B01
200500068208;0;1;0;0;0;3;1;A01
200500068209;0;1;0;0;2;1;1;B01
200500068222;0;1;0;0;2;1;1;B01
200500068228;0;1;0;0;2;1;1;B01
200500068252;0;1;0;0;1;1;1;A01
200500068265;0;1;0;0;2;1;1;B01
200500068288;0;1;0;0;2;3;7;B01
200500068300;0;1;0;0;1;1;1;A01
200500068323;0;1;0;0;2;1;1;B01
200500068334;0;1;0;0;2;3;15;A01
200500068358;0;1;0;0;2;2;1;B01
200500068372;0;1;0;0;2;2;17;A01
200500068389;0;1;0;0;0;1;1;B01
200500068390;0;1;0;0;2;1;1;B01
200500068478;0;1;0;0;0;7;1;A01
200500068481;0;1;0;0;0;0;2;A01
200500068492;0;1;0;0;0;0;0;B01
200500068495;0;1;0;0;2;6;11;B01
200500068511;0;1;0;0;2;1;1;B01
200500068516;0;1;0;1;0;0;1;B01
200500068517;0;1;0;0;2;8;11;B01
200500068522;0;1;0;0;2;1;5;A01
200500068531;0;1;0;0;2;1;19;A01
200500068532;0;1;0;0;2;8;19;A01
200500068544;0;1;0;0;2;4;12;B01
200500068546;0;1;0;0;1;1;1;A01
200500068556;0;1;0;0;0;4;1;A01
200500068597;0;1;0;0;2;1;1;A01
200500068615;0;1;0;0;2;1;15;B01
200500068618;0;1;0;0;2;8;1;B01
200500068637;0;1;0;0;2;1;1;B01
200500068640;0;1;0;0;2;1;5;A01
200500068643;0;1;0;0;2;1;2;A01
200500068647;0;1;0;0;2;4;2;B01
200500068649;0;1;0;0;2;1;1;A01
200500068653;0;1;0;0;2;1;19;A01
200500068654;0;1;0;0;2;1;15;B01
200500068656;0;1;0;0;2;1;1;A01
200500068664;0;1;0;1;0;1;1;A01
200500068675;0;1;0;0;2;4;1;A01
200500068677;0;1;0;0;2;1;1;A01
200500068682;0;1;0;0;2;3;1;A01
200500068683;0;1;0;0;2;8;15;B01
200500068703;0;1;0;0;2;1;19;B01
200500068709;0;1;0;0;2;4;1;A01
200500068716;0;1;0;0;1;1;1;A01
200500068723;0;1;0;0;2;8;9;B01
200500068724;0;1;0;0;2;1;1;B01
200500068768;0;1;0;0;2;1;1;B01
200500068770;0;1;0;0;2;1;1;A01
200500068777;0;1;0;0;2;3;13;B01
200500068778;0;1;0;0;2;7;1;B01
200500068780;0;1;0;0;2;4;2;B01
200500068785;0;1;0;0;2;1;1;B01
200500068788;0;1;0;0;2;2;15;C01
200500068794;0;1;0;0;2;1;1;B01
200500068835;0;1;0;0;2;1;5;A01
200500068842;0;1;0;0;0;1;9;A01
200500068913;0;1;0;0;2;1;1;A01
200500068918;0;1;0;0;9;1;10;A01
200500068918;0;1;0;0;2;8;2;B01
200500068930;0;1;0;0;2;4;2;B01
200500068944;0;1;0;0;2;1;1;B01
200500068957;0;1;0;0;0;8;1;B01
200500068959;0;1;0;0;2;1;1;B01
200500068988;0;1;0;0;2;1;1;A01
200500068989;0;1;0;0;2;1;1;A01
200500068991;0;1;0;0;1;1;0;A01
200500069014;0;1;0;0;2;1;1;B01
200500069017;0;1;0;0;0;0;1;B01
200500069036;0;1;0;1;0;1;17;B01
200500069038;0;1;0;0;2;3;21;B01
200500069044;0;1;0;1;0;2;21;B01
200500069052;0;1;0;0;2;1;2;B01
200500069075;0;1;0;0;1;1;1;A01
200500069084;0;1;0;1;0;1;1;B01
200500069098;0;1;0;0;0;1;15;B01
200500069099;0;1;0;0;2;1;1;A01
200500069103;0;1;0;0;2;8;1;B01
200500069137;0;1;0;0;0;0;1;B01
200500069163;0;1;0;0;0;8;19;B01
200500069167;0;1;0;0;2;8;19;B01
200500069168;0;1;0;0;2;1;1;B01
200500069207;0;1;0;0;2;1;2;A01
200500069258;0;1;0;0;2;8;1;B01
200500069259;0;1;0;0;2;1;1;B01
200500069261;0;1;0;0;2;7;1;A01
200500069281;0;1;0;0;0;8;1;B01
200500069320;0;1;0;0;2;7;0;B01
200500069374;0;1;0;0;2;0;1;B01
200500069416;0;1;0;0;0;1;19;A01
200500069423;0;1;0;0;2;4;15;B01
200500069453;0;1;0;0;0;1;0;A01
200500069538;0;1;0;0;1;3;5;A01
200500069557;0;1;0;0;2;3;1;A01
200500069563;0;1;0;0;2;1;19;B01
200500069567;0;1;0;0;2;0;19;B01
200500069577;0;1;0;0;2;1;17;A01
200500069618;0;1;0;0;1;1;1;A01
200500069619;0;1;0;0;2;4;15;B01
200500069620;0;1;0;0;2;1;1;B01
200500069636;0;1;0;0;2;1;18;B01
200500069637;0;1;0;0;2;8;1;B01
200500069638;0;1;0;6;0;1;1;A01
200500069640;0;1;0;16;0;4;1;A01
200500069652;0;1;0;0;2;1;1;B01
200500069670;0;1;0;0;2;8;0;B01
200500069672;0;1;0;0;2;8;10;A01
200500069674;0;1;0;0;2;1;1;B01
200500069678;0;1;0;0;2;1;1;B01
200500069681;0;1;0;0;2;1;1;B01
200500069689;0;1;0;0;2;8;1;A01
200500069722;0;1;0;0;2;1;2;A01
200500070083;0;1;0;12;0;1;1;A01
200500070091;0;1;0;0;2;4;1;B01
200500070094;0;1;0;0;2;7;1;A01
200500070164;0;1;0;0;2;3;1;B01
200500070172;0;1;0;0;2;1;19;A01
200500070306;0;1;0;0;2;4;1;B02
200500070313;0;1;0;0;2;8;1;B02
200500070325;0;1;0;0;2;1;13;B02
200500070392;0;1;0;0;2;8;1;B02
200500070545;0;1;0;0;0;4;15;B02
200500070561;0;1;0;0;2;8;1;B02
200500070561;0;1;0;0;2;1;1;C03
200500070564;0;1;0;0;0;0;1;A01
200500070648;0;1;0;0;2;7;19;A01
200500070676;0;1;0;0;2;8;1;B02
200500070717;0;1;0;0;2;1;1;B02
200500070782;0;1;0;0;2;8;15;B02
200500070862;0;1;0;0;0;4;1;A01
200500070920;0;1;0;0;0;4;1;A01
200500070920;0;1;0;0;0;4;1;C03
200500070935;0;1;0;0;2;1;1;B02
200500071029;0;1;0;0;2;8;1;B02
200500071040;0;1;0;0;0;8;2;B02
200500071049;0;1;0;0;2;8;15;B02
200500071102;0;1;0;0;2;8;15;A01
200500071111;0;1;0;0;0;0;0;B02
200500071117;0;1;0;0;0;1;1;B02
200500071206;0;1;0;0;2;1;13;B02
200500071245;0;1;0;0;2;1;0;B02
200500071338;0;1;0;1;0;1;1;A01
200500071354;0;1;0;0;0;0;1;A01
200500071367;0;1;0;0;2;1;1;B02
200500071387;0;1;0;1;0;1;1;A01
200500071391;0;1;0;1;0;6;17;A01
200500071411;0;1;0;0;2;8;1;B02
200500071438;0;1;0;0;0;6;1;B02
200500071449;0;1;0;0;0;4;2;A01
200500071512;0;1;0;0;0;4;2;B02
200500071518;0;1;0;0;0;7;0;B02
200500071620;0;1;0;0;2;8;9;B02
200500071637;0;1;0;0;2;8;1;B02
200500071713;0;1;0;0;2;8;19;B02
200500071719;0;1;0;0;2;6;2;A01
200500071814;0;1;0;0;2;8;2;B02
200500071826;0;1;0;0;2;4;2;B02
200500071862;0;1;0;0;1;0;1;A01
200500071886;0;1;0;0;2;8;0;B02
200500071889;0;1;0;0;2;8;1;A01
200500071907;0;1;0;0;2;1;16;B02
200500071907;0;1;0;0;2;1;16;C03
200500071923;0;1;0;0;0;4;2;B02
200500071994;0;1;0;0;5;1;1;A01
200500071997;0;1;0;0;0;8;19;B02
200500072017;0;1;0;0;0;4;15;A01
200500072029;0;1;0;0;2;1;19;B02
200500072030;0;1;0;0;2;1;13;B02
200500072030;0;1;0;0;2;1;13;C03
200500072064;0;1;0;0;0;1;0;B02
200500072084;0;1;0;0;1;1;1;A01
200500072213;0;1;0;0;2;4;2;A01
200500072263;0;1;0;0;2;4;1;B02
200500072279;0;1;0;0;2;1;1;B02
200500072290;0;1;0;0;9;4;1;B02
200500072306;0;1;0;0;2;1;1;B01
200500072328;0;1;0;14;0;1;17;A01
200500072376;0;1;0;0;2;4;2;B01
200500072381;0;1;0;0;2;1;1;B01
200500072382;0;1;0;0;2;1;1;B01
200500072397;0;1;0;0;0;4;2;B01
200500072402;0;1;0;0;2;1;1;B01
200500072405;0;1;0;0;2;7;0;B01
200500072452;0;1;0;0;2;1;1;A01
200500072488;0;1;0;1;0;2;14;A01
200500072518;0;1;0;0;2;1;1;B01
200500072534;0;1;0;0;2;1;1;B01
200500072549;0;1;0;0;1;1;1;A01
200500072580;0;1;0;0;2;0;1;B01
200500072583;0;1;0;14;0;1;1;B01
200500072585;0;1;0;0;2;0;1;B01
200500072716;0;1;0;0;2;1;5;B01
200500072745;0;1;0;0;1;1;1;A01
200500072782;0;1;0;0;2;8;0;B01
200500072784;0;1;0;0;2;1;1;B01
200500072787;0;1;0;0;1;0;1;A01
200500072807;0;1;0;14;0;1;1;A01
200500072827;0;1;0;0;2;1;1;B01
200500072912;0;1;0;0;2;1;9;A01
200500072913;0;1;0;0;2;4;2;B01
200500072924;0;1;0;0;2;8;10;A01
200500072929;0;1;0;0;0;0;13;B01
200500072935;0;1;0;0;2;7;1;B01
200500072948;0;1;0;0;0;1;1;B01
200500072950;0;1;0;0;2;1;1;B01
200500072973;0;1;0;0;2;1;19;A01
200500072993;0;1;0;0;2;1;1;B01
200500072996;0;1;0;0;2;1;13;A01
200500073002;0;1;0;0;2;1;1;B01
200500073005;0;1;0;0;2;1;0;A01
200500073024;0;1;0;0;2;0;1;B01
200500073041;0;1;0;0;2;2;1;A01
200500073056;0;1;0;0;1;4;11;B01
200500073079;0;1;0;0;2;8;15;A01
200500073091;0;1;0;0;0;2;16;B01
200500073108;0;1;0;0;2;1;1;B01
200500073149;0;1;0;1;0;3;21;B01
200500073151;0;1;0;1;0;1;1;B01
200500073153;0;1;0;0;2;4;1;B01
200500073166;0;1;0;0;2;1;0;B01
200500073183;0;1;0;0;2;1;9;B01
200500073241;0;1;0;0;2;1;19;A01
200500073259;0;1;0;0;2;0;0;B01
200500073270;0;1;0;0;0;1;1;B01
200500073279;0;1;0;1;0;7;2;B01
200500073359;0;1;0;1;0;0;1;A01
200500073383;0;1;0;0;2;1;1;B01
200500073406;0;1;0;0;2;8;1;A01
200500073432;0;1;0;0;2;1;9;A01
200500073434;0;1;0;0;2;1;2;A01
200500073444;0;1;0;0;2;0;1;B01
200500073445;0;1;0;0;2;6;9;B01
200500073455;0;1;0;0;2;1;1;B01
200500073472;0;1;0;0;2;0;1;B01
200500073484;0;1;0;0;2;2;19;B01
200500073524;0;1;0;0;2;5;2;B01
200500073559;0;1;0;0;2;1;1;A01
200500073585;0;1;0;0;2;1;8;A01
200500073587;0;1;0;0;2;7;17;B01
200500073595;0;1;0;0;2;1;2;A01
200500073603;0;1;0;0;2;1;1;B01
200500073606;0;1;0;0;2;4;0;B01
200500073612;0;1;0;0;2;0;0;A01
200500073621;0;1;0;0;2;8;0;B01
200500073626;0;1;0;0;2;3;1;B01
200500073627;0;1;0;0;2;0;1;B01
200500073641;0;1;0;0;2;0;1;B01
200500073664;0;1;0;0;2;3;1;B01
200500073666;0;1;0;0;0;0;1;A01
200500073667;0;1;0;0;2;1;1;B01
200500073668;0;1;0;0;2;7;1;B01
200500073680;0;1;0;0;2;1;1;A01
200500073693;0;1;0;0;0;1;0;B01
200500073706;0;1;0;6;0;1;21;A01
200500073707;0;1;0;0;2;2;1;B01
200500073716;0;1;0;0;2;2;1;B01
200500073722;0;1;0;0;1;1;1;A01
200500073735;0;1;0;0;2;1;21;A01
200500073736;0;1;0;0;2;1;1;B01
200500073748;0;1;0;0;0;1;1;B01
200500073760;0;1;0;0;2;4;9;B01
200500073763;0;1;0;0;2;8;15;B01
200500073774;0;1;0;1;0;2;1;B01
200500073775;0;1;0;0;2;1;1;B01
200500073789;0;1;0;0;0;5;1;B01
200500073824;0;1;0;1;0;1;1;B01
200500073825;0;1;0;0;2;3;1;B01
200500073831;0;1;0;0;2;1;1;B01
200500073849;0;1;0;1;0;1;1;B01
200500073850;0;1;0;0;2;1;1;B01
200500073854;1;1;0;0;1;1;13;A01
200500073858;0;1;0;0;2;1;1;B01
200500073867;0;1;0;0;2;1;1;A01
200500073895;0;1;0;0;2;4;0;B01
200500073897;0;1;0;0;2;0;1;B01
200500073909;0;1;0;0;2;1;1;B01
200500073918;0;1;0;0;2;1;0;A01
200500073931;0;1;0;0;2;2;1;B01
200500073954;0;1;0;0;2;8;1;B01
200500073961;0;1;0;0;2;4;1;B01
200500073963;0;1;0;0;2;1;1;B01
200500073967;0;1;0;0;0;0;1;A01
200500073985;0;1;0;1;0;1;1;B01
200500073991;0;1;0;1;2;4;1;B01
200500073998;0;1;0;0;2;1;1;B01
200500074003;0;1;0;0;2;3;19;B01
200500074014;0;1;0;0;2;1;1;B01
200500074022;0;1;0;0;2;1;1;B01
200500074030;0;1;0;0;2;1;15;A01
200500074035;0;1;0;0;0;0;1;A01
200500074036;0;1;0;0;2;1;14;A01
200500074044;0;1;0;0;2;4;19;B01
200500074052;0;1;0;0;2;1;1;A01
200500074053;0;1;0;0;2;7;15;B01
200500074056;0;1;0;0;2;3;16;A01
200500074066;0;1;0;0;2;1;1;A01
200500074093;0;1;0;0;2;1;9;A01
200500074101;0;1;0;0;2;1;1;A01
200500074112;0;1;0;0;0;1;5;A01
200500074127;0;1;0;0;1;1;0;A01
200500074147;0;1;0;0;1;1;1;A01
200500074172;0;1;0;0;2;8;1;B01
200500074182;0;1;0;0;2;8;19;B01
200500074184;0;1;0;0;2;5;1;B01
200500074203;0;1;0;0;1;1;1;A01
200500074219;0;1;0;0;2;1;1;B01
200500074233;0;1;0;0;0;8;19;A01
200500074238;0;1;0;0;0;0;0;A01
200500074242;0;1;0;0;0;0;1;A01
200500074257;0;1;0;0;2;8;1;A01
200500074261;0;1;0;0;2;2;9;B01
200500074272;0;1;0;0;2;4;1;A01
200500074279;0;1;0;0;2;7;19;B01
200500074293;0;1;0;0;2;1;11;A01
200500074304;0;1;0;0;2;1;1;A01
200500074317;0;1;0;0;2;1;2;B01
200500074323;0;1;0;0;2;1;1;B01
200500074328;0;1;0;0;2;1;1;B01
200500074358;0;1;0;0;2;1;1;B01
200500074360;0;1;0;0;2;1;1;B01
200500074366;0;1;0;0;2;0;1;B01
200500074367;0;1;0;0;2;1;1;B01
200500074370;0;1;0;0;2;0;1;B01
200500074374;0;1;0;0;2;0;0;B01
200500074382;0;1;0;0;2;0;16;B01
200500074383;0;1;0;0;2;1;1;B01
200500074385;0;1;0;0;2;4;1;B01
200500074396;0;1;0;0;2;1;15;B01
200500074400;0;1;0;0;2;0;1;B01
200500074411;0;1;0;0;2;0;1;B01
200500074430;0;1;0;1;0;1;1;B01
200500074451;0;1;0;0;2;1;1;B01
200500074453;0;1;0;0;2;1;15;A01
200500074469;0;1;0;0;2;4;1;B01
200500074486;0;1;0;0;2;4;23;B01
200500074490;0;1;0;0;2;1;16;A01
200500074504;0;1;0;0;2;8;19;B01
200500074521;0;1;0;0;2;0;1;B01
200500074527;0;1;0;0;2;1;9;A01
200500074555;0;1;0;0;2;4;1;B01
200500074570;0;1;0;0;2;1;1;B01
200500074572;0;1;0;0;2;4;9;A01
200500074588;0;1;0;0;2;1;19;B01
200500074590;0;1;0;0;2;4;1;B01
200500074619;0;1;0;0;2;4;2;B01
200500074638;0;1;0;0;2;1;13;A01
200500074651;0;1;0;0;0;7;1;B01
200500074673;0;1;0;0;2;1;19;A01
200500074679;0;1;0;0;2;1;1;A01
200500074682;0;1;0;0;2;7;19;B01
200500074684;0;1;0;0;2;8;19;B01
200500074686;0;1;0;0;2;4;5;A01
200500074687;0;1;0;0;1;1;2;B01
200500074693;0;1;0;0;2;3;1;B01
200500074694;0;1;0;0;2;5;1;B01
200500074696;0;1;0;0;2;1;1;B01
200500074699;0;1;0;0;2;7;0;B01
200500074700;0;1;0;0;2;1;1;B01
200500074702;0;1;0;0;2;1;19;B01
200500074706;0;1;0;0;2;1;1;B01
200500074710;0;1;0;0;2;4;1;B01
200500074715;0;1;0;0;2;7;1;A01
200500074717;0;1;0;0;2;6;19;B01
200500074729;0;1;0;0;2;1;1;B01
200500074776;0;1;0;0;2;1;0;A01
200500074804;0;1;0;0;1;1;1;A01
200500074841;0;1;0;0;2;7;1;B01